Unnamed: 0,Name,Parliament
0,Dominicus Blankenheym,1871-1874
1,Willem Christiaan Borsius,1871-1874
2,Eugène Jean Alexander van Bylandt,1871-1874
3,Hendrikus Albertus Diedericus Coenen,1871-1874
4,Willem Herman Cost Jordens,1871-1874
5,Coos Cremers,1871-1874
6,Daniël Carel de Dieu Fontein Verschuir,1871-1874
7,Albertus Jacobus Duymaer van Twist,1871-1874
8,Frans Julius Johan van Eysinga,1871-1874
9,Johannes Fransen van de Putte,1871-1874
10,Cornelis Jans Geertsema,1871-1874
11,Johan Wilhelm Hein,1871-1874
12,Johannes Hengst,1871-1874
13,Franciscus Bernardus Hubertus Michiels van Kessenich,1871-1874
14,Carel Johan Richard Nobel,1871-1874
15,Adrianus Prins,1871-1874
16,Gerrit Adrianus de Raadt,1871-1874
17,Louis van Sasse van Ysselt,1871-1874
18,Gijsbertus Schot,1871-1874
19,Hendrik Jan Smit,1871-1874
20,Charles Theodorus Stork,1871-1874
21,Gerard Regnier Gerlacius van Swinderen,1871-1874
22,Herman Eliza Verschoor,1871-1874
23,Louis Libert Guillaume Marc Villers de Pité,1871-1874
24,Theodorus Pieter Viruly,1871-1874
25,Joost van Vollenhoven,1871-1874
26,Louis Beerenbroek,1871-1874
27,Joan Huydecoper van Maarsseveen,1871-1874
28,Herman Jan Rahusen,1871-1874
29,Cornelis Herman van Rhemen van Rhemenshuizen,1871-1874
30,Carolus Jacobus Antonius van Rijckevorsel,1871-1874
31,Jan Arend Godert de Vos van Steenwijk,1871-1874
32,Hans Willem Aylva baron van Pallandt van Waardenburg en Neerijnen,1871-1874
33,Jan Karel van Goltstein,1871-1874
34,Cornelis Hartsen,1871-1874
35,Jan Messchert van Vollenhoven,1871-1874
36,Willem Anne Schimmelpenninck van der Oye,1871-1874
37,Wyncko Johannes Tonckens,1871-1874
38,Antonius Franciscus Vos de Wael,1871-1874
39,Lodewijk Pincoffs,1871-1874
40,Jacobus Thooft,1871-1874
41,Ernst Christiaan Büchner,1871-1874
42,Gerard Dumbar,1871-1874
43,Willem van Goltstein van Oldenaller,1871-1874
0,Dirk van Akerlaken,1874-1877
1,Adolph Blussé,1874-1877
2,Willem Christiaan Borsius,1874-1877
3,Ernst Christiaan Büchner,1874-1877
4,Hendrikus Albertus Diedericus Coenen,1874-1877
5,Coos Cremers,1874-1877
6,Gerard Dumbar,1874-1877
7,Albertus Jacobus Duymaer van Twist,1874-1877
8,Frans Julius Johan van Eysinga,1874-1877
9,Johannes Fransen van de Putte,1874-1877
10,Cornelis Jans Geertsema,1874-1877
11,Johan Wilhelm Hein,1874-1877
12,Franciscus Bernardus Hubertus Michiels van Kessenich,1874-1877
13,Carel Johan Richard Nobel,1874-1877
14,Lodewijk Pincoffs,1874-1877
15,Adrianus Prins,1874-1877
16,Gerrit Adrianus de Raadt,1874-1877
17,Gijsbertus Schot,1874-1877
18,Hendrik Jan Smit,1874-1877
19,Charles Theodorus Stork,1874-1877
20,Gerard Regnier Gerlacius van Swinderen,1874-1877
21,Jacobus Thooft,1874-1877
22,Herman Eliza Verschoor,1874-1877
23,Louis Libert Guillaume Marc Villers de Pité,1874-1877
24,Theodorus Pieter Viruly,1874-1877
25,Joost van Vollenhoven,1874-1877
26,Louis Beerenbroek,1874-1877
27,Joan Huydecoper van Maarsseveen,1874-1877
28,Herman Jan Rahusen,1874-1877
29,Cornelis Herman van Rhemen van Rhemenshuizen,1874-1877
30,Carolus Jacobus Antonius van Rijckevorsel,1874-1877
31,Jan Arend Godert de Vos van Steenwijk,1874-1877
32,Hans Willem Aylva baron van Pallandt van Waardenburg en Neerijnen,1874-1877
33,Cornelis Hartsen,1874-1877
34,Evert du Marchie van Voorthuysen,1874-1877
35,Wyncko Johannes Tonckens,1874-1877
36,Johannes Hengst,1874-1877
37,Louis van Sasse van Ysselt,1874-1877
38,Antonius Franciscus Vos de Wael,1874-1877
39,Hendrik Jan Carsten,1874-1877
40,Cornelis Jacob Arnold den Tex,1874-1877
41,Carolus Joannes Pické,1874-1877
42,Willem Anne Assueer Jacob Schimmelpenninck van der Oye,1874-1877
0,Dirk van Akerlaken,1877-1880
1,Adolph Blussé,1877-1880
2,Willem Christiaan Borsius,1877-1880
3,Ernst Christiaan Büchner,1877-1880
4,Hendrik Jan Carsten,1877-1880
5,Hendrikus Albertus Diedericus Coenen,1877-1880
6,Gerard Dumbar,1877-1880
7,Albertus Jacobus Duymaer van Twist,1877-1880
8,Frans Julius Johan van Eysinga,1877-1880
9,Cornelis Jans Geertsema,1877-1880
10,Johan Wilhelm Hein,1877-1880
11,Carel Johan Richard Nobel,1877-1880
12,Carolus Joannes Pické,1877-1880
13,Lodewijk Pincoffs,1877-1880
14,Adrianus Prins,1877-1880
15,Gerrit Adrianus de Raadt,1877-1880
16,Cornelis Herman van Rhemen van Rhemenshuizen,1877-1880
17,Gijsbertus Schot,1877-1880
18,Willem de Sitter,1877-1880
19,Hendrik Jan Smit,1877-1880
20,Charles Theodorus Stork,1877-1880
21,Gerard Regnier Gerlacius van Swinderen,1877-1880
22,Adriaan Volckert Teding van Berkhout,1877-1880
23,Cornelis Jacob Arnold den Tex,1877-1880
24,Jacobus Thooft,1877-1880
25,Louis Libert Guillaume Marc Villers de Pité,1877-1880
26,Theodorus Pieter Viruly,1877-1880
27,Joost van Vollenhoven,1877-1880
28,Johannes Hengst,1877-1880
29,Franciscus Bernardus Hubertus Michiels van Kessenich,1877-1880
30,Louis van Sasse van Ysselt,1877-1880
31,Petrus Johannes Antonius Smitz,1877-1880
32,Antonius Franciscus Vos de Wael,1877-1880
33,Louis Beerenbroek,1877-1880
34,Joan Huydecoper van Maarsseveen,1877-1880
35,Carolus Jacobus Antonius van Rijckevorsel,1877-1880
36,Jan Arend Godert de Vos van Steenwijk,1877-1880
37,Hans Willem Aylva baron van Pallandt van Waardenburg en Neerijnen,1877-1880
38,Evert du Marchie van Voorthuysen,1877-1880
39,Albert Jan Blijdenstein,1877-1880
40,Coos Cremers,1877-1880
41,Frederik Gerrit Edmond Merkes van Gendt,1877-1880
42,Jan Hendrik Frans Karel van Swinderen,1877-1880
43,Louis Gaspard Adrien van Limburg Stirum,1877-1880
44,Albertus van Naamen van Eemnes,1877-1880
45,Gijsbert van Tienhoven,1877-1880
0,Dirk van Akerlaken,1880-1883
1,Albert Jan Blijdenstein,1880-1883
2,Adolph Blussé,1880-1883
3,Willem Christiaan Borsius,1880-1883
4,Ernst Christiaan Büchner,1880-1883
5,Hendrik Jan Carsten,1880-1883
6,Hendrikus Albertus Diedericus Coenen,1880-1883
7,Coos Cremers,1880-1883
8,Albertus Jacobus Duymaer van Twist,1880-1883
9,Frans Julius Johan van Eysinga,1880-1883
10,Isaäc Dignus Fransen van de Putte,1880-1883
11,Louis Gaspard Adrien van Limburg Stirum,1880-1883
12,Frederik Gerhard Edmond Merkes van Gendt,1880-1883
13,Albertus van Naamen van Eemnes,1880-1883
14,Carel Johan Richard Nobel,1880-1883
15,Carolus Joannes Pické,1880-1883
16,Gerrit Adrianus de Raadt,1880-1883
17,Gijsbertus Schot,1880-1883
18,Willem de Sitter,1880-1883
19,Hendrik Jan Smit,1880-1883
20,Charles Theodorus Stork,1880-1883
21,Jan Hendrik Frans Karel van Swinderen,1880-1883
22,Adriaan Volckert Teding van Berkhout,1880-1883
23,Cornelis Jacob Arnold den Tex,1880-1883
24,Jacobus Thooft,1880-1883
25,Gijsbert van Tienhoven,1880-1883
26,Theodorus Pieter Viruly,1880-1883
27,Joost van Vollenhoven,1880-1883
28,Johannes Hengst,1880-1883
29,Franciscus Bernardus Hubertus Michiels van Kessenich,1880-1883
30,Willem Hubert Pyls,1880-1883
31,Louis van Sasse van Ysselt,1880-1883
32,Petrus Johannes Antonius Smitz,1880-1883
33,Antonius Franciscus Vos de Wael,1880-1883
34,Louis Beerenbroek,1880-1883
35,Joan Huydecoper van Maarsseveen,1880-1883
36,Carolus Jacobus Antonius van Rijckevorsel,1880-1883
37,Evert du Marchie van Voorthuysen,1880-1883
38,Willem Anne Assueer Jacob Schimmelpenninck van der Oye,1880-1883
39,Maurits Herman Insinger,1880-1883
40,Doede Doedes Breuning,1880-1883
41,Hendrik Muller Szn.,1880-1883
42,Berend van Roijen,1880-1883
43,Dirk Visser van Hazerswoude,1880-1883
44,Hubert Gérard Louis Regout,1880-1883
45,Johannes Baptista Arnoldus Josephus Maria Verheyen,1880-1883
46,Menso Johannes Pijnappel,1880-1883
0,Dirk van Akerlaken,1883-1884
1,Albert Jan Blijdenstein,1883-1884
2,Adolph Blussé,1883-1884
3,Willem Christiaan Borsius,1883-1884
4,Doede Doedes Breuning,1883-1884
5,Hendrik Jan Carsten,1883-1884
6,Hendrikus Albertus Diedericus Coenen,1883-1884
7,Frans Julius Johan van Eysinga,1883-1884
8,Isaäc Dignus Fransen van de Putte,1883-1884
9,Maurits Herman Insinger,1883-1884
10,Louis Gaspard Adrien van Limburg Stirum,1883-1884
11,Frederik Gerrit Edmond Merkes van Gendt,1883-1884
12,Hendrik Muller Szn.,1883-1884
13,Albertus van Naamen van Eemnes,1883-1884
14,Carel Johan Richard Nobel,1883-1884
15,Carolus Joannes Pické,1883-1884
16,Gerrit Adrianus de Raadt,1883-1884
17,Berend van Roijen,1883-1884
18,Willem de Sitter,1883-1884
19,Charles Theodorus Stork,1883-1884
20,Jan Hendrik Frans Karel van Swinderen,1883-1884
21,Adriaan Volckert Teding van Berkhout,1883-1884
22,Jacobus Thooft,1883-1884
23,Gijsbert van Tienhoven,1883-1884
24,Theodorus Pieter Viruly,1883-1884
25,Dirk Visser van Hazerswoude,1883-1884
26,Joost van Vollenhoven,1883-1884
27,Jacobus Gerardus de Bruijn,1883-1884
28,Johannes Hengst,1883-1884
29,Willem Hubert Pyls,1883-1884
30,Hubert Gérard Louis Regout,1883-1884
31,Johannes Theodorus Smits van Oyen,1883-1884
32,Petrus Johannes Antonius Smitz,1883-1884
33,Johannes Baptista Arnoldus Josephus Maria Verheyen,1883-1884
34,Louis Beerenbroek,1883-1884
35,Joan Huydecoper van Maarsseveen,1883-1884
36,Willem Anne Assueer Jacob Schimmelpenninck van der Oye,1883-1884
37,Menso Johannes Pijnappel,1883-1884
38,Theo van Lynden van Sandenburg,1883-1884
39,Jacob Moolenburgh,1883-1884
40,Willem Hendrik de Beaufort,1883-1884
41,Cornelis Jacobus Sickesz,1883-1884
42,Léon Armand Hyacinthe Magnée,1883-1884
0,Dirk van Akerlaken,1884-1887
1,Albert Jan Blijdenstein,1884-1887
2,Adolph Blussé,1884-1887
3,Jacobus van der Breggen Azn.,1884-1887
4,Doede Doedes Breuning,1884-1887
5,Hendrikus Albertus Diedericus Coenen,1884-1887
6,Frans Julius Johan van Eysinga,1884-1887
7,Isaäc Dignus Fransen van de Putte,1884-1887
8,Joan Huydecoper van Maarsseveen,1884-1887
9,Maurits Herman Insinger,1884-1887
10,Frederik Gerhard Edmond Merkes van Gendt,1884-1887
11,Jacob Moolenburgh,1884-1887
12,Hendrik Muller Szn.,1884-1887
13,Albertus van Naamen van Eemnes,1884-1887
14,Carolus Joannes Pické,1884-1887
15,Berend van Roijen,1884-1887
16,Cornelis Jacob Sickesz,1884-1887
17,Willem de Sitter,1884-1887
18,Charles Theodorus Stork,1884-1887
19,Jan Hendrik Frans Karel van Swinderen,1884-1887
20,Johannes Tak van Poortvliet,1884-1887
21,Jacobus Thooft,1884-1887
22,Gijsbert van Tienhoven,1884-1887
23,Theodorus Pieter Viruly,1884-1887
24,Dirk Visser van Hazerswoude,1884-1887
25,Joost van Vollenhoven,1884-1887
26,Godert Willem de Vos van Steenwijk,1884-1887
27,Jacobus Gerardus de Bruijn,1884-1887
28,Johannes Hengst,1884-1887
29,Léon Armand Hyacinthe Magnée,1884-1887
30,Willem Hubert Pyls,1884-1887
31,Hubert Gérard Louis Regout,1884-1887
32,Johannes Theodorus Smits van Oyen,1884-1887
33,Petrus Johannes Antonius Smitz,1884-1887
34,Johannes Baptista Arnoldus Josephus Maria Verheyen,1884-1887
35,Frederik Jacob Willem van Pallandt van Keppel,1884-1887
36,Menso Johannes Pijnappel,1884-1887
37,Willem Anne Assueer Jacob Schimmelpenninck van der Oye,1884-1887
38,Theo van Lynden van Sandenburg,1884-1887
39,Sjoerd Anne Vening Meinesz,1884-1887
40,Abraham Carel Wertheim,1884-1887
41,Joan Röell,1884-1887
42,Pieter Jacob Elout van Soeterwoude,1884-1887
0,Dirk van Akerlaken,1887-1888
1,Albert Jan Blijdenstein,1887-1888
2,Adolph Blussé,1887-1888
3,Jacob van der Breggen Azn.,1887-1888
4,Doede Doedes Breuning,1887-1888
5,Hendrikus Albertus Diedericus Coenen,1887-1888
6,Cornelis Donker Tzn.,1887-1888
7,Frans Julius Johan van Eysinga,1887-1888
8,Isaäc Dignus Fransen van de Putte,1887-1888
9,Maurits Herman Insinger,1887-1888
10,Jacob Moolenburgh,1887-1888
11,Hendrik Muller Szn.,1887-1888
12,Albertus van Naamen van Eemnes,1887-1888
13,Joan Röell,1887-1888
14,Berend van Roijen,1887-1888
15,Cornelis Jacob Sickesz,1887-1888
16,Willem de Sitter,1887-1888
17,Charles Theodorus Stork,1887-1888
18,Jan Hendrik Frans Karel van Swinderen,1887-1888
19,Johannes Tak van Poortvliet,1887-1888
20,Jacobus Thooft,1887-1888
21,Gijsbert van Tienhoven,1887-1888
22,Sjoerd Anne Vening Meinesz,1887-1888
23,Theodorus Pieter Viruly,1887-1888
24,Joost van Vollenhoven,1887-1888
25,Godert Willem de Vos van Steenwijk,1887-1888
26,Abraham Carel Wertheim,1887-1888
27,Jacobus Gerardus de Bruijn,1887-1888
28,Johannes Hengst,1887-1888
29,Léon Armand Hyacinthe Magnée,1887-1888
30,Leo van Nispen,1887-1888
31,Willem Hubert Pyls,1887-1888
32,Hubert Gérard Louis Regout,1887-1888
33,Johannes Theodorus Smits van Oyen,1887-1888
34,Petrus Johannes Antonius Smitz,1887-1888
35,Johannes Baptista Arnoldus Josephus Maria Verheyen,1887-1888
36,Willem Constantijn van Pallandt van Waardenburg,1887-1888
37,Willem Anne Assueer Jacob Schimmelpenninck van der Oye,1887-1888
38,Pieter Jacob Elout van Soeterwoude,1887-1888
39,Robert Melvil van Lynden,1887-1888
0,Dirk van Akerlaken,1888-1890
1,Willem Carel Antoon Alberda van Ekenstein,1888-1890
2,Albert Jan Blijdenstein,1888-1890
3,Adolph Blussé,1888-1890
4,Jacob van der Breggen Azn.,1888-1890
5,Doede Doedes Breuning,1888-1890
6,Herman Frederik Bultman,1888-1890
7,Hendrikus Albertus Diedericus Coenen,1888-1890
8,Cornelis Donker Tzn.,1888-1890
9,Frans Julius Johan van Eysinga,1888-1890
10,Isaäc Dignus Fransen van de Putte,1888-1890
11,Jan van Gennep,1888-1890
12,Henri Maarten Anton van der Goes van Dirxland,1888-1890
13,Joan Huydecoper van Maarsseveen,1888-1890
14,Maurits Herman Insinger,1888-1890
15,Jan Kappeyne van de Coppello,1888-1890
16,Hendrik van Lier,1888-1890
17,Jacob Moolenburgh,1888-1890
18,Hendrik Muller Szn.,1888-1890
19,Albertus van Naamen van Eemnes,1888-1890
20,Jan Prins,1888-1890
21,Berend van Roijen,1888-1890
22,Willem Six,1888-1890
23,Charles Theodorus Stork,1888-1890
24,Jan Hendrik Frans Karel van Swinderen,1888-1890
25,Jacobus Thooft,1888-1890
26,Gijsbert van Tienhoven,1888-1890
27,Sjoerd Anne Vening Meinesz,1888-1890
28,Theodorus Pieter Viruly,1888-1890
29,Benjamin Marius Vlielander Hein,1888-1890
30,Godert Willem de Vos van Steenwijk,1888-1890
31,Wilco Julius van Welderen Rengers,1888-1890
32,Derk Knol Welt,1888-1890
33,Abraham Carel Wertheim,1888-1890
34,Jacobus Gerardus de Bruijn,1888-1890
35,Johannes Hengst,1888-1890
36,Léon Armand Hyacinthe Magnée,1888-1890
37,Leo van Nispen,1888-1890
38,Willem Hubert Pyls,1888-1890
39,Hubert Gérard Louis Regout,1888-1890
40,Hendrikus Martinus Smits,1888-1890
41,Johannes Theodorus Smits van Oyen,1888-1890
42,Petrus Johannes Antonius Smitz,1888-1890
43,Johannes Baptista Arnoldus Josephus Maria Verheyen,1888-1890
44,Willem Constantijn van Pallandt van Waardenburg,1888-1890
45,Willem Anne Assueer Jacob Schimmelpenninck van der Oye,1888-1890
46,Jacob Pieter Pompejus van Zuylen van Nijevelt,1888-1890
47,Justinus Egbert Hendrik Nagell van Ampsen,1888-1890
48,Menso Johannes Pijnappel,1888-1890
49,Robert Melvil van Lynden,1888-1890
50,Frederik Herman Pieter van Alphen,1888-1890
51,Anthony Ewoud Jan Nysingh,1888-1890
52,Franciscus Xaverius Jacobus Nispen tot Pannerden,1888-1890
53,Willem Merkelbach,1888-1890
0,Dirk van Akerlaken,1890-1893
1,Willem Carel Antoon Alberda van Ekenstein,1890-1893
2,Frederik Herman Pieter van Alphen,1890-1893
3,Albert Jan Blijdenstein,1890-1893
4,Adolph Blussé,1890-1893
5,Jacobus van der Breggen Azn.,1890-1893
6,Doede Doedes Breuning,1890-1893
7,Herman Frederik Bultman,1890-1893
8,Hendrikus Albertus Diedericus Coenen,1890-1893
9,Cornelis Donker Tzn.,1890-1893
10,Frans Julius Johan van Eysinga,1890-1893
11,Isaäc Dignus Fransen van de Putte,1890-1893
12,Jan van Gennep,1890-1893
13,Joan Huydecoper van Maarsseveen,1890-1893
14,Maurits Herman Insinger,1890-1893
15,Jan Kappeyne van de Coppello,1890-1893
16,Hendrik van Lier,1890-1893
17,Jacob Moolenburgh,1890-1893
18,Hendrik Muller Szn.,1890-1893
19,Albertus van Naamen van Eemnes,1890-1893
20,Anthony Ewoud Jan Nysingh,1890-1893
21,Jan Prins,1890-1893
22,Berend van Roijen,1890-1893
23,Willem Six,1890-1893
24,Charles Theodorus Stork,1890-1893
25,Jan Hendrik Frans Karel van Swinderen,1890-1893
26,Jacobus Thooft,1890-1893
27,Gijsbert van Tienhoven,1890-1893
28,Sjoerd Anne Vening Meinesz,1890-1893
29,Theodorus Pieter Viruly,1890-1893
30,Benjamin Marius Vlielander Hein,1890-1893
31,Wilco Julius van Welderen Rengers,1890-1893
32,Derk Knol Welt,1890-1893
33,Abraham Carel Wertheim,1890-1893
34,Jacobus Gerardus de Bruijn,1890-1893
35,Johannes Hengst,1890-1893
36,Léon Armand Hyacinthe Magnée,1890-1893
37,Willem Merkelbach,1890-1893
38,Leo van Nispen,1890-1893
39,Franciscus Xaverius Jacobus Nispen tot Pannerden,1890-1893
40,Willem Hubert Pyls,1890-1893
41,Hubert Gérard Louis Regout,1890-1893
42,Johannes Theodorus Smits van Oyen,1890-1893
43,Petrus Johannes Antonius Smitz,1890-1893
44,Johannes Baptista Arnoldus Josephus Maria Verheyen,1890-1893
45,Willem Constantijn van Pallandt van Waardenburg,1890-1893
46,Jacob Pieter Pompejus van Zuylen van Nijevelt,1890-1893
47,Justinus Egbert Hendrik Nagell van Ampsen,1890-1893
48,Menso Johannes Pijnappel,1890-1893
49,Robert Melvil van Lynden,1890-1893
50,Eppo Cremers,1890-1893
51,Hermanus Adrianus Nebbens Sterling,1890-1893
52,Herman Jacob Kist,1890-1893
53,Eduard Nicolaas Rahusen,1890-1893
54,Jan Breebaart Kzn.,1890-1893
55,Adrianus Prins,1890-1893
56,Eduard Fokker,1890-1893
57,Willem Prinzen Fzn.,1890-1893
58,Emilius Henricus Josephus Maria van Zinnicq Bergmann,1890-1893
59,Alphonsus Maria Sassen,1890-1893
60,Frans Godard van Lynden van Hemmen,1890-1893
61,Alexander Frederik de Savornin Lohman,1890-1893
0,Willem Carel Antoon Alberda van Ekenstein,1893-1896
1,Frederik Herman Pieter van Alphen,1893-1896
2,Albert Jan Blijdenstein,1893-1896
3,Jan Breebaart Kzn.,1893-1896
4,Jacobus van der Breggen Azn.,1893-1896
5,Doede Doedes Breuning,1893-1896
6,Herman Frederik Bultman,1893-1896
7,Hendrikus Albertus Diedericus Coenen,1893-1896
8,Eppo Cremers,1893-1896
9,Frans Julius Johan van Eysinga,1893-1896
10,Eduard Fokker,1893-1896
11,Isaäc Dignus Fransen van de Putte,1893-1896
12,Jan van Gennep,1893-1896
13,Melchert de Jong,1893-1896
14,Herman Jacob Kist,1893-1896
15,Hendrik van Lier,1893-1896
16,Hendrik Muller Szn.,1893-1896
17,Albertus van Naamen van Eemnes,1893-1896
18,Hermanus Adrianus Nebbens Sterling,1893-1896
19,Anthony Ewoud Jan Nysingh,1893-1896
20,Adrianus Prins,1893-1896
21,Jan Prins,1893-1896
22,Eduard Nicolaas Rahusen,1893-1896
23,Berend van Roijen,1893-1896
24,Charles Theodorus Stork,1893-1896
25,Jan Hendrik Frans Karel van Swinderen,1893-1896
26,Sjoerd Anne Vening Meinesz,1893-1896
27,Theodorus Pieter Viruly,1893-1896
28,Benjamin Marius Vlielander Hein,1893-1896
29,Wilco Julius van Welderen Rengers,1893-1896
30,Derk Knol Welt,1893-1896
31,Abraham Carel Wertheim,1893-1896
32,Willem Cornelis Johannes Josephus Cremers,1893-1896
33,Léon Armand Hyacinthe Magnée,1893-1896
34,Willem Merkelbach,1893-1896
35,Leo van Nispen,1893-1896
36,Franciscus Xaverius Jacobus Nispen tot Pannerden,1893-1896
37,Willem Prinzen Fzn.,1893-1896
38,Willem Hubert Pyls,1893-1896
39,Hubert Gérard Louis Regout,1893-1896
40,Alphonsus Maria Sassen,1893-1896
41,Petrus Johannes Antonius Smitz,1893-1896
42,Johannes Baptista Arnoldus Josephus Maria Verheyen,1893-1896
43,Emilius Henricus Josephus Maria van Zinnicq Bergmann,1893-1896
44,Derck Engelberts,1893-1896
45,Robert Melvil van Lynden,1893-1896
46,Alexander Frederik de Savornin Lohman,1893-1896
47,Willem Constantijn van Pallandt van Waardenburg,1893-1896
48,Menso Johannes Pijnappel,1893-1896
49,Karel Antonie Godin de Beaufort,1893-1896
50,Johan Herman Geertsema Czn.,1893-1896
51,Cornelis Pijnacker Hordijk,1893-1896
52,Gijsbert van Tienhoven,1893-1896
53,Rembt Tobias Hugo Pieter Liebrecht Alexander van Boneval Faure,1893-1896
54,Willem Adriaan Bergsma,1893-1896
55,Hendrik Rudolph van Marle,1893-1896
56,Gerrit Jan van Heek,1893-1896
57,Maurits Cornelis van Hall,1893-1896
58,Jan Elias Nicolaas Schimmelpenninck van der Oye,1893-1896
0,Willem Carel Antoon Alberda van Ekenstein,1896-1899
1,Frederik Herman Pieter van Alphen,1896-1899
2,Willem Adriaan Bergsma,1896-1899
3,Rembt Tobias Hugo Pieter Liebrecht Alexander van Boneval Faure,1896-1899
4,Jan Breebaart Kzn.,1896-1899
5,Herman Frederik Bultman,1896-1899
6,Eppo Cremers,1896-1899
7,Hendrik Fennema,1896-1899
8,Isaäc Dignus Fransen van de Putte,1896-1899
9,Johan Herman Geertsema Czn.,1896-1899
10,Maurits Cornelis van Hall,1896-1899
11,Gerrit Jan van Heek,1896-1899
12,Melchert de Jong,1896-1899
13,Herman Jacob Kist,1896-1899
14,Hendrik van Lier,1896-1899
15,Hendrik Rudolph van Marle,1896-1899
16,Hendrik Muller Szn.,1896-1899
17,Albertus van Naamen van Eemnes,1896-1899
18,Hermanus Adrianus Nebbens Sterling,1896-1899
19,Anthony Ewoud Jan Nysingh,1896-1899
20,Cornelis Pijnacker Hordijk,1896-1899
21,Adrianus Prins,1896-1899
22,Eduard Nicolaas Rahusen,1896-1899
23,Jan Hendrik Frans Karel van Swinderen,1896-1899
24,Gijsbert van Tienhoven,1896-1899
25,Sjoerd Anne Vening Meinesz,1896-1899
26,Theodorus Pieter Viruly,1896-1899
27,Benjamin Marius Vlielander Hein,1896-1899
28,Wilco Julius van Welderen Rengers,1896-1899
29,Derk Knol Welt,1896-1899
30,Abraham Carel Wertheim,1896-1899
31,Willem Cornelis Johannes Josephus Cremers,1896-1899
32,Léon Armand Hyacinthe Magnée,1896-1899
33,Willem Merkelbach,1896-1899
34,Leo van Nispen,1896-1899
35,Franciscus Xaverius Jacobus Nispen tot Pannerden,1896-1899
36,Willem Prinzen Fzn.,1896-1899
37,Willem Hubert Pyls,1896-1899
38,Frederic Joseph Maria Anton Reekers,1896-1899
39,Hubert Gérard Louis Regout,1896-1899
40,Alphonsus Maria Sassen,1896-1899
41,Petrus Johannes Antonius Smitz,1896-1899
42,Johannes Baptista Arnoldus Josephus Maria Verheyen,1896-1899
43,Emilius Henricus Josephus Maria van Zinnicq Bergmann,1896-1899
44,Titus van Asch van Wijck,1896-1899
45,Derck Engelberts,1896-1899
46,Robert Melvil van Lynden,1896-1899
47,Karel Antonie Godin de Beaufort,1896-1899
48,Jan Elias Nicolaas Schimmelpenninck van der Oye,1896-1899
49,Willem Constantijn van Pallandt van Waardenburg,1896-1899
50,Cornelis Jacob Sickesz,1896-1899
51,Dirk Laan,1896-1899
52,Jan Willem Hendrik Rutgers van Rozenburg,1896-1899
53,Joan Röell,1896-1899
54,Frederik Bernard s' Jacob,1896-1899
55,Jacob Willem van den Biesen,1896-1899
56,Petrus van der Does de Willebois,1896-1899
57,Stephanus Martinus van Wijck,1896-1899
58,Willem Gerard Brantsen van de Zijp,1896-1899
0,Willem Carel Antoon Alberda van Ekenstein,1899-1902
1,Frederik Herman Pieter van Alphen,1899-1902
2,Willem Adriaan Bergsma,1899-1902
3,Rembt Tobias Hugo Pieter Liebrecht Alexander van Boneval Faure,1899-1902
4,Jan Breebaart Kzn.,1899-1902
5,Herman Frederik Bultman,1899-1902
6,Hendrik Fennema,1899-1902
7,Isaäc Dignus Fransen van de Putte,1899-1902
8,Johan Herman Geertsema Czn.,1899-1902
9,Maurits Cornelis van Hall,1899-1902
10,Gerrit Jan van Heek,1899-1902
11,Frederik Bernard s' Jacob,1899-1902
12,Melchert de Jong,1899-1902
13,Herman Jacob Kist,1899-1902
14,Dirk Laan,1899-1902
15,Hendrik van Lier,1899-1902
16,Albertus van Naamen van Eemnes,1899-1902
17,Hermanus Adrianus Nebbens Sterling,1899-1902
18,Frederik Salomon van Nierop,1899-1902
19,Anthony Ewoud Jan Nysingh,1899-1902
20,Cornelis Pijnacker Hordijk,1899-1902
21,Eduard Nicolaas Rahusen,1899-1902
22,Joan Röell,1899-1902
23,Jan Willem Hendrik Rutgers van Rozenburg,1899-1902
24,Jan Hendrik Frans Karel van Swinderen,1899-1902
25,Sjoerd Anne Vening Meinesz,1899-1902
26,Theodorus Pieter Viruly,1899-1902
27,Benjamin Marius Vlielander Hein,1899-1902
28,Wilco Julius van Welderen Rengers,1899-1902
29,Derk Knol Welt,1899-1902
30,Jacob Willem van den Biesen,1899-1902
31,Willem Cornelis Johannes Josephus Cremers,1899-1902
32,Petrus van der Does de Willebois,1899-1902
33,Léon Armand Hyacinthe Magnée,1899-1902
34,Willem Merkelbach,1899-1902
35,Alphonse Hilaire Joseph Hubert Michiels van Kessenich,1899-1902
36,Leo van Nispen,1899-1902
37,Willem Prinzen Fzn.,1899-1902
38,Willem Hubert Pyls,1899-1902
39,Frederic Joseph Maria Anton Reekers,1899-1902
40,Hubert Gérard Louis Regout,1899-1902
41,Alphonsus Maria Sassen,1899-1902
42,Stephanus Martinus van Wijck,1899-1902
43,Emilius Henricus Josephus Maria van Zinnicq Bergmann,1899-1902
44,Willem Gerard Brantsen van de Zijp,1899-1902
45,Karel Antonie Godin de Beaufort,1899-1902
46,Jan Elias Nicolaas Schimmelpenninck van der Oye,1899-1902
47,Titus van Asch van Wijck,1899-1902
48,Robert Melvil van Lynden,1899-1902
49,Willem Constantijn van Pallandt van Waardenburg,1899-1902
50,Alexander Johannes Dijckmeester,1899-1902
51,Johannes Tak van Poortvliet,1899-1902
52,Auke Bloembergen Ezn.,1899-1902
53,Johan George Gleichman,1899-1902
54,Isaac Antoni van Roijen,1899-1902
55,Jacob Sickenga,1899-1902
56,Willem Henricus Jacobus Theodorus van Basten Batenburg,1899-1902
57,Henricus Paulus Cornelis Bosch van Drakestein,1899-1902
58,Jean Gustave Stanislas Bevers,1899-1902
59,Franciscus Johannes Petrus Maria Coenen,1899-1902
60,Pieter Cornelis 't Hooft,1899-1902
61,Willem Hovy,1899-1902
62,Simon van Velzen,1899-1902
63,Maurits van Asch van Wijck,1899-1902
0,Willem Carel Antoon Alberda van Ekenstein,1902-1904
1,Frederik Herman Pieter van Alphen,1902-1904
2,Rembt Tobias Hugo Pieter Liebrecht Alexander van Boneval Faure,1902-1904
3,Jan Breebaart Kzn.,1902-1904
4,Herman Frederik Bultman,1902-1904
5,Alexander Johannes Dijckmeester,1902-1904
6,Hendrik Fennema,1902-1904
7,Johan George Gleichman,1902-1904
8,Gerrit Jan van Heek,1902-1904
9,Frederik Bernard s' Jacob,1902-1904
10,Melchert de Jong,1902-1904
11,Herman Jacob Kist,1902-1904
12,Dirk Laan,1902-1904
13,Wilhelmus Frederik van Leeuwen,1902-1904
14,Hendrik van Lier,1902-1904
15,Hermanus Adrianus Nebbens Sterling,1902-1904
16,Frederik Salomon van Nierop,1902-1904
17,Anthony Ewoud Jan Nysingh,1902-1904
18,Eduard Nicolaas Rahusen,1902-1904
19,Isaac Antoni van Roijen,1902-1904
20,Jan Evert Scholten,1902-1904
21,Jacob Sickenga,1902-1904
22,Johannes Tak van Poortvliet,1902-1904
23,Sjoerd Anne Vening Meinesz,1902-1904
24,Benjamin Marius Vlielander Hein,1902-1904
25,Wilco Julius van Welderen Rengers,1902-1904
26,Derk Knol Welt,1902-1904
27,Willem Henricus Jacobus Theodorus van Basten Batenburg,1902-1904
28,Jean Gustave Stanislas Bevers,1902-1904
29,Jacob Willem van den Biesen,1902-1904
30,Henricus Paulus Cornelis Bosch van Drakestein,1902-1904
31,Franciscus Johannes Petrus Maria Coenen,1902-1904
32,Willem Cornelis Johannes Josephus Cremers,1902-1904
33,Petrus van der Does de Willebois,1902-1904
34,Willem Merkelbach,1902-1904
35,Alphonse Hilaire Joseph Hubert Michiels van Kessenich,1902-1904
36,Willem Prinzen Fzn.,1902-1904
37,Frederic Joseph Maria Anton Reekers,1902-1904
38,Hubert Gérard Louis Regout,1902-1904
39,Alphonsus Maria Sassen,1902-1904
40,Emilius Henricus Josephus Maria van Zinnicq Bergmann,1902-1904
41,Maurits van Asch van Wijck,1902-1904
42,Pieter Cornelis 't Hooft,1902-1904
43,Willem Hovy,1902-1904
44,Simon van Velzen,1902-1904
45,Jan Woltjer,1902-1904
46,Karel Anthonie Godin de Beaufort,1902-1904
47,Jacob Petrus Havelaar,1902-1904
48,Jan Elias Nicolaas Schimmelpenninck van der Oye,1902-1904
49,Willem Constantijn van Pallandt van Waardenburg,1902-1904
50,Rembertus Pieter Dojes,1902-1904
51,Dirk Willem Stork,1902-1904
52,Aart van der Wijck,1902-1904
53,Joseph Servatius Hubertus Brouwers,1902-1904
54,Arnoldus Hyacinthus Maria van Berckel,1902-1904
0,Arnoldus Hyacinthus Maria van Berckel,1904-1907
1,Jean Gustave Stanislas Bevers,1904-1907
2,Jacob Willem van den Biesen,1904-1907
3,Henricus Paulus Cornelis Bosch van Drakestein,1904-1907
4,Joseph Servatius Hubertus Brouwers,1904-1907
5,Petrus van der Does de Willebois,1904-1907
6,Pieter von Fisenne,1904-1907
7,Theodorus Everhardus Franciscus Heerkens,1904-1907
8,Alphonsus Maria Josephus Ernestus Antonius van Lamsweerde,1904-1907
9,Willem Merkelbach,1904-1907
10,Alphonse Hilaire Joseph Hubert Michiels van Kessenich,1904-1907
11,Willem Prinzen Fzn.,1904-1907
12,Frederic Joseph Maria Anton Reekers,1904-1907
13,Louis Regout,1904-1907
14,Alphonsus Maria Sassen,1904-1907
15,Petrus Jacobus Franciscus Vermeulen,1904-1907
16,Walther Simon Joseph van Waterschoot van der Gracht,1904-1907
17,Emilius Henricus Josephus Maria van Zinnicq Bergmann,1904-1907
18,Petrus Johannes van Beyma,1904-1907
19,Jan Breebaart Kzn.,1904-1907
20,Herman Frederik Bultman,1904-1907
21,Rembertus Pieter Dojes,1904-1907
22,Samuel van Houten,1904-1907
23,Melchert de Jong,1904-1907
24,Herman Jacob Kist,1904-1907
25,Dirk Laan,1904-1907
26,Wilhelmus Frederik van Leeuwen,1904-1907
27,Frederik Salomon van Nierop,1904-1907
28,Eduard Nicolaas Rahusen,1904-1907
29,Jan Evert Scholten,1904-1907
30,Jacob Sickenga,1904-1907
31,Dirk Willem Stork,1904-1907
32,Sjoerd Anne Vening Meinesz,1904-1907
33,Wilco Julius van Welderen Rengers,1904-1907
34,Derk Knol Welt,1904-1907
35,Jan Jacob Willinge,1904-1907
36,Maurits van Asch van Wijck,1904-1907
37,Herman Franssen,1904-1907
38,Pieter Cornelis 't Hooft,1904-1907
39,Karel van Heeckeren van Kell,1904-1907
40,Willem Hovy,1904-1907
41,Simon van Velzen,1904-1907
42,Hendrik Waller,1904-1907
43,Jan Woltjer,1904-1907
44,Karel Antonie Godin de Beaufort,1904-1907
45,Jacob Petrus Havelaar,1904-1907
46,Constantijn Willem van Limburg Stirum,1904-1907
47,Jan Elias Nicolaas Schimmelpenninck van der Oye,1904-1907
48,Jan Dirk van Wassenaer van Rosande,1904-1907
49,Gustaaf van der Feltz,1904-1907
50,Jan Adriaan Laan,1904-1907
51,Henri Staal,1904-1907
52,Egbertus Pelinck,1904-1907
53,Constant Maurits Ernst van Löben Sels,1904-1907
0,Petrus Johannes van Beyma,1907-1910
1,Reitze Bloembergen Ezn.,1907-1910
2,Jan Breebaart Kzn.,1907-1910
3,Rembertus Pieter Dojes,1907-1910
4,Melchert de Jong,1907-1910
5,Herman Jacob Kist,1907-1910
6,Jan Adriaan Laan,1907-1910
7,Wilhelmus Frederik van Leeuwen,1907-1910
8,Frederik Salomon van Nierop,1907-1910
9,Egbertus Pelinck,1907-1910
10,Eduard Nicolaas Rahusen,1907-1910
11,Jan Evert Scholten,1907-1910
12,Jacob Sickenga,1907-1910
13,Henri Staal,1907-1910
14,Dirk Willem Stork,1907-1910
15,Sjoerd Anne Vening Meinesz,1907-1910
16,Wilco Julius van Welderen Rengers,1907-1910
17,Derk Knol Welt,1907-1910
18,Willem Henricus Jacobus Theodorus van Basten Batenburg,1907-1910
19,Jean Gustave Stanislas Bevers,1907-1910
20,Jacob Willem van den Biesen,1907-1910
21,Henricus Paulus Cornelis Bosch van Drakestein,1907-1910
22,Joseph Servatius Hubertus Brouwers,1907-1910
23,Petrus van der Does de Willebois,1907-1910
24,Pieter von Fisenne,1907-1910
25,Theodorus Everhardus Franciscus Heerkens,1907-1910
26,Alphonsus Maria Josephus Ernestus Antonius van Lamsweerde,1907-1910
27,Willem Merkelbach,1907-1910
28,Alphonse Hilaire Joseph Hubert Michiels van Kessenich,1907-1910
29,Willem Prinzen Fzn.,1907-1910
30,Frederic Joseph Maria Anton Reekers,1907-1910
31,Louis Regout,1907-1910
32,Alphonsus Maria Sassen,1907-1910
33,Petrus Jacobus Franciscus Vermeulen,1907-1910
34,Walther Simon Joseph van Waterschoot van der Gracht,1907-1910
35,Emilius Henricus Josephus Maria van Zinnicq Bergmann,1907-1910
36,Maurits van Asch van Wijck,1907-1910
37,Herman Franssen,1907-1910
38,Karel van Heeckeren van Kell,1907-1910
39,Pieter Cornelis 't Hooft,1907-1910
40,Willem Hovy,1907-1910
41,Constant Maurits Ernst van Löben Sels,1907-1910
42,Simon van Velzen,1907-1910
43,Hendrik Waller,1907-1910
44,Jan Woltjer,1907-1910
45,Karel Antonie Godin de Beaufort,1907-1910
46,Jacob Petrus Havelaar,1907-1910
47,Jan Elias Nicolaas Schimmelpenninck van der Oye,1907-1910
48,Jan Dirk van Wassenaer van Rosande,1907-1910
49,Gustaaf van der Feltz,1907-1910
50,Joan Röell,1907-1910
51,Edzard Tjarda van Starkenborgh Stachouwer,1907-1910
52,Karel Raymakers,1907-1910
53,Oscar Maria Franciscus Haffmans,1907-1910
54,Jan Joseph Godfried Voorst tot Voorst,1907-1910
55,Franciscus Xaverius Arnoldus Verheyen,1907-1910
56,Louis Henri Leonard Joseph van der Maesen de Sombreff,1907-1910
57,Harry Barge,1907-1910
58,Gijsbert d'Aumale van Hardenbroek van Hardenbroek,1907-1910
0,Petrus Johannes van Beyma,1910-1913
1,Reitze Bloembergen Ezn.,1910-1913
2,Jan Breebaart Kzn.,1910-1913
3,Rembertus Pieter Dojes,1910-1913
4,Melchert de Jong,1910-1913
5,Herman Jacob Kist,1910-1913
6,Jan Adriaan Laan,1910-1913
7,Wilhelmus Frederik van Leeuwen,1910-1913
8,Frederik Salomon van Nierop,1910-1913
9,Egbertus Pelinck,1910-1913
10,Eduard Nicolaas Rahusen,1910-1913
11,Jan Evert Scholten,1910-1913
12,Jacob Sickenga,1910-1913
13,Henri Staal,1910-1913
14,Dirk Willem Stork,1910-1913
15,Sjoerd Anne Vening Meinesz,1910-1913
16,Wilco Julius van Welderen Rengers,1910-1913
17,Derk Knol Welt,1910-1913
18,Willem Henricus Jacobus Theodorus van Basten Batenburg,1910-1913
19,Jean Gustave Stanislas Bevers,1910-1913
20,Jacob Willem van den Biesen,1910-1913
21,Henricus Paulus Cornelis Bosch van Drakestein,1910-1913
22,Joseph Servatius Hubertus Brouwers,1910-1913
23,Petrus van der Does de Willebois,1910-1913
24,Pieter von Fisenne,1910-1913
25,Theodorus Everhardus Franciscus Heerkens,1910-1913
26,Alphonsus Maria Josephus Ernestus Antonius van Lamsweerde,1910-1913
27,Willem Merkelbach,1910-1913
28,Alphonse Hilaire Joseph Hubert Michiels van Kessenich,1910-1913
29,Willem Prinzen Fzn.,1910-1913
30,Frederic Joseph Maria Anton Reekers,1910-1913
31,Louis Regout,1910-1913
32,Alphonsus Maria Sassen,1910-1913
33,Petrus Jacobus Franciscus Vermeulen,1910-1913
34,Walther Simon Joseph van Waterschoot van der Gracht,1910-1913
35,Emilius Henricus Josephus Maria van Zinnicq Bergmann,1910-1913
36,Maurits van Asch van Wijck,1910-1913
37,Herman Franssen,1910-1913
38,Karel van Heeckeren van Kell,1910-1913
39,Pieter Cornelis 't Hooft,1910-1913
40,Willem Hovy,1910-1913
41,Constant Maurits Ernst van Löben Sels,1910-1913
42,Simon van Velzen,1910-1913
43,Hendrik Waller,1910-1913
44,Jan Woltjer,1910-1913
45,Karel Antonie Godin de Beaufort,1910-1913
46,Jacob Petrus Havelaar,1910-1913
47,Jan Elias Nicolaas Schimmelpenninck van der Oye,1910-1913
48,Jan Dirk van Wassenaer van Rosande,1910-1913
49,Gustaaf van der Feltz,1910-1913
50,Joan Röell,1910-1913
51,Edzard Tjarda van Starkenborgh Stachouwer,1910-1913
52,Karel Raymakers,1910-1913
53,Oscar Maria Franciscus Haffmans,1910-1913
54,Jan Joseph Godfried Voorst tot Voorst,1910-1913
55,Franciscus Xaverius Arnoldus Verheyen,1910-1913
56,Louis Henri Leonard Joseph van der Maesen de Sombreff,1910-1913
57,Harry Barge,1910-1913
58,Gijsbert d'Aumale van Hardenbroek van Hardenbroek,1910-1913
0,Willem Henricus Jacobus Theodorus van Basten Batenburg,1913-1916
1,Jacob Willem van den Biesen,1913-1916
2,Henricus Paulus Cornelis Bosch van Drakestein,1913-1916
3,Petrus van der Does de Willebois,1913-1916
4,Oscar Maria Franciscus Haffmans,1913-1916
5,Emile Alexis Marie van der Kun,1913-1916
6,Alphonsus Maria Josephus Ernestus Antonius van Lamsweerde,1913-1916
7,Jan van der Lande,1913-1916
8,Willem Maria van Lanschot,1913-1916
9,Louis Henri Leonard Joseph van der Maesen de Sombreff,1913-1916
10,Alphonse Hilaire Joseph Hubert Michiels van Kessenich,1913-1916
11,Frederic Joseph Maria Anton Reekers,1913-1916
12,Louis Regout,1913-1916
13,Antonius Johannes Ignatius Maria Smits,1913-1916
14,Franciscus Xaverius Arnoldus Verheyen,1913-1916
15,Petrus Jacobus Franciscus Vermeulen,1913-1916
16,Jan Joseph Godfried Voorst tot Voorst,1913-1916
17,Walther Simon Joseph van Waterschoot van der Gracht,1913-1916
18,Edo Johannes Bergsma,1913-1916
19,Reitze Bloembergen Ezn.,1913-1916
20,Klaas de Boer Czn.,1913-1916
21,Jacob Theodoor Cremer,1913-1916
22,Rembertus Pieter Dojes,1913-1916
23,Petrus Boele Jacobus Ferf,1913-1916
24,Douwinus Johannes van Houten,1913-1916
25,Jacob Kraus,1913-1916
26,Jan Adriaan Laan,1913-1916
27,Frederik Salomon van Nierop,1913-1916
28,Egbertus Pelinck,1913-1916
29,Henri Staal,1913-1916
30,Edzard Tjarda van Starkenborgh Stachouwer,1913-1916
31,Geuchien Zijlma,1913-1916
32,Gijsbert d'Aumale van Hardenbroek van Hardenbroek,1913-1916
33,Herman Bavinck,1913-1916
34,Lodewijk Willem Christiaan van den Berg,1913-1916
35,Herman Franssen,1913-1916
36,Pieter Cornelis 't Hooft,1913-1916
37,Willem Hovy,1913-1916
38,Abraham Kuyper,1913-1916
39,Constant Maurits Ernst van Löben Sels,1913-1916
40,Jan Wolter,1913-1916
41,Nicolaas Charles de Gijselaar,1913-1916
42,Jan Elias Nicolaas Schimmelpenninck van der Oye,1913-1916
43,Willem Lodewijk de Vos van Steenwijk,1913-1916
44,Jan Dirk van Wassenaer van Rosande,1913-1916
45,Hendrik Lodewijk Drucker,1913-1916
46,Gustaaf van der Feltz,1913-1916
47,Henri van Kol,1913-1916
48,Henri Polak,1913-1916
49,Abraham Jacobus Frederik Fokker van Crayestein van Rengerskerke,1913-1916
50,Gerardus Jacobus van Swaaij,1913-1916
51,Jan Willem Marie Bosch van Oud-Amelisweerd,1913-1916
52,Arnoldus Josephus Aloysius Gilissen,1913-1916
53,Rudolph Johan August Diepen,1913-1916
54,Hendrik Gerard Holthe tot Echten,1913-1916
55,Theodorus Marius Theresius Welderen baron Renger,1913-1916
56,Jacobus Kappeyne van de Coppello,1913-1916
57,Hendrik Colijn,1913-1916
58,Christiaan Lucasse,1913-1916
59,Otto Jacob Eifelanus van Wassenaer van Catwijck,1913-1916
60,Abraham van der Hoeven,1913-1916
0,Willem Henricus Jacobus Theodorus van Basten Batenburg,1916-1917
1,Jacob Willem van den Biesen,1916-1917
2,Jan Willem Marie Bosch van Oud-Amelisweerd,1916-1917
3,Rudolph Johan August Diepen,1916-1917
4,Petrus van der Does de Willebois,1916-1917
5,Arnoldus Josephus Aloysius Gilissen,1916-1917
6,Oscar Maria Franciscus Haffmans,1916-1917
7,Alphonsus Maria Josephus Ernestus Antonius van Lamsweerde,1916-1917
8,Willem Maria van Lanschot,1916-1917
9,Louis Henri Leonard Joseph van der Maesen de Sombreff,1916-1917
10,Alphonse Hilaire Joseph Hubert Michiels van Kessenich,1916-1917
11,Frederic Joseph Maria Anton Reekers,1916-1917
12,Antonius Johannes Ignatius Maria Smits,1916-1917
13,Gerardus Jacobus van Swaaij,1916-1917
14,Franciscus Xaverius Arnoldus Verheyen,1916-1917
15,Jan Joseph Godfried Voorst tot Voorst,1916-1917
16,Walther Simon Joseph van Waterschoot van der Gracht,1916-1917
17,Edo Johannes Bergsma,1916-1917
18,Halbe Binnerts,1916-1917
19,Klaas de Boer Czn.,1916-1917
20,Jacob Theodoor Cremer,1916-1917
21,Rembertus Pieter Dojes,1916-1917
22,Hendrik Gerard Holthe tot Echten,1916-1917
23,Douwinus Johannes van Houten,1916-1917
24,Jacobus Kappeyne van de Coppello,1916-1917
25,Jacob Kraus,1916-1917
26,Jan Adriaan Laan,1916-1917
27,Frederik Salomon van Nierop,1916-1917
28,Henri Staal,1916-1917
29,Dirk Willem Stork,1916-1917
30,Edzard Tjarda van Starkenborgh Stachouwer,1916-1917
31,Geuchien Zijlma,1916-1917
32,Gijsbert d'Aumale van Hardenbroek van Hardenbroek,1916-1917
33,Herman Bavinck,1916-1917
34,Lodewijk Willem Christiaan van de Berg,1916-1917
35,Hendrik Colijn,1916-1917
36,Herman Franssen,1916-1917
37,Pieter Cornelis 't Hooft,1916-1917
38,Abraham Kuyper,1916-1917
39,Christiaan Lucasse,1916-1917
40,Jan Woltjer,1916-1917
41,Nicolaas Charles de Gijselaar,1916-1917
42,Abraham van der Hoeven,1916-1917
43,Willem Lodewijk de Vos van Steenwijk,1916-1917
44,Otto Jacob Eifelanus van Wassenaer van Catwijck,1916-1917
45,Hendrik Lodewijk Drucker,1916-1917
46,Gustaaf van der Feltz,1916-1917
47,Henri van Kol,1916-1917
48,Henri Polak,1916-1917
49,Abraham Jacobus Frederik Fokker van Crayestein van Rengerskerke,1916-1917
50,Franciscus Hubertus van Wichen,1916-1917
51,Jan Berent Westerdijk,1916-1917
0,Willem Henricus Jacobus Theodorus van Basten Batenburg,1917-1919
1,Jacob Willem van den Biesen,1917-1919
2,Jan Willem Marie Bosch van Oud-Amelisweerd,1917-1919
3,Rudolph Johan August Diepen,1917-1919
4,Petrus van der Does de Willebois,1917-1919
5,Arnoldus Josephus Aloysius Gilissen,1917-1919
6,Oscar Maria Franciscus Haffmans,1917-1919
7,Alphonsus Maria Josephus Ernestus Antonius van Lamsweerde,1917-1919
8,Willem Maria van Lanschot,1917-1919
9,Louis Henri Leonard Joseph van der Maesen de Sombreff,1917-1919
10,Alphonse Hilaire Joseph Hubert Michiels van Kessenich,1917-1919
11,Frederic Joseph Maria Anton Reekers,1917-1919
12,Antonius Johannes Ignatius Maria Smits,1917-1919
13,Gerardus Jacobus van Swaaij,1917-1919
14,Franciscus Xaverius Arnoldus Verheyen,1917-1919
15,Jan Joseph Godfried Voorst tot Voorst,1917-1919
16,Franciscus Hubertus van Wichen,1917-1919
17,Edo Johannes Bergsma,1917-1919
18,Halbe Binnerts,1917-1919
19,Klaas de Boer Czn.,1917-1919
20,Jacob Theodoor Cremer,1917-1919
21,Rembertus Pieter Dojes,1917-1919
22,Carel Coenraad Geertsema,1917-1919
23,Hendrik Gerard Holthe tot Echten,1917-1919
24,Douwinus Johannes van Houten,1917-1919
25,Jacobus Kappeyne van de Coppello,1917-1919
26,Jacob Kraus,1917-1919
27,Jan Adriaan Laan,1917-1919
28,Frederik Salomon van Nierop,1917-1919
29,Henri Staal,1917-1919
30,Dirk Willem Stork,1917-1919
31,Gijsbert d'Aumale van Hardenbroek van Hardenbroek,1917-1919
32,Herman Bavinck,1917-1919
33,Lodewijk Willem Christiaan van den Berg,1917-1919
34,Hendrik Colijn,1917-1919
35,Herman Franssen,1917-1919
36,Pieter Cornelis 't Hooft,1917-1919
37,Abraham Kuyper,1917-1919
38,Christiaan Lucasse,1917-1919
39,Jan-Hendrik de Waal Malefijt,1917-1919
40,Nicolaas Charles de Gijselaar,1917-1919
41,Abraham van der Hoeven,1917-1919
42,Willem Lodewijk de Vos van Steenwijk,1917-1919
43,Otto Jacob Eifelanus van Wassenaer van Catwijck,1917-1919
44,Hendrik Lodewijk Drucker,1917-1919
45,Gustaaf van der Feltz,1917-1919
46,Jan Berent Westerdijk,1917-1919
47,Henri van Kol,1917-1919
48,Henri Polak,1917-1919
49,Abraham Jacobus Frederik Fokker van Crayestein van Rengerskerke,1917-1919
50,Cornelis Leonardus Bressers,1917-1919
51,David van Embden,1917-1919
52,Willem Vliegen,1917-1919
0,Harm Smeenge,1919-1922
1,Henri van Kol,1919-1922
2,Hendrik Colijn,1919-1922
3,Willem Henricus Jacobus Theodorus van Basten Batenburg,1919-1922
4,Maup Mendels,1919-1922
5,Alphonse Hilaire Joseph Hubert Michiels van Kessenich,1919-1922
6,Rudolph Johan August Diepen,1919-1922
7,Willem Maria van Lanschot,1919-1922
8,Jacobus Antonius Alphonsus Maria van Loon,1919-1922
9,David van Embden,1919-1922
10,Henri Staal,1919-1922
11,Willem Vliegen,1919-1922
12,Herman Franssen,1919-1922
13,Gijsbert d'Aumale van Hardenbroek van Hardenbroek,1919-1922
14,Herman Bavinck,1919-1922
15,Nicolaas Charles de Gijselaar,1919-1922
16,Franciscus Hubertus van Wichen,1919-1922
17,Jan Hendrik de Waal Malefijt,1919-1922
18,Willem Henricus Jacobus Theodorus van Basten Batenburg,1919-1922
19,Jan Willem Marie Bosch van Oud-Amelisweerd,1919-1922
20,Rudolph Johan August Diepen,1919-1922
21,Petrus van der Does de Willebois,1919-1922
22,Arnoldus Joseph Aloysius Gilissen,1919-1922
23,Oscar Maria Franciscus Haffmans,1919-1922
24,Alphonsus Maria Josephus Ernestus Antonius van Lamsweerde,1919-1922
25,Willem Maria van Lanschot,1919-1922
26,Jacobus Antonius Alphonsus Maria van Loon,1919-1922
27,Louis Henri Leonard Joseph van der Maesen de Sombreff,1919-1922
28,Alphonse Hilaire Joseph Hubert Michiels van Kessenich,1919-1922
29,Frederic Joseph Maria Anton Reekers,1919-1922
30,Antonius Johannes Ignatius Maria Smits,1919-1922
31,Gerardus Jacobus van Swaaij,1919-1922
32,Franciscus Xaverius Arnoldus Verheyen,1919-1922
33,Jan Joseph Godfried Voorst tot Voorst,1919-1922
34,Franciscus Hubertus van Wichen,1919-1922
35,Edo Johannes Bergsma,1919-1922
36,Halbe Binnerts,1919-1922
37,Klaas de Boer Czn.,1919-1922
38,Jacob Theodoor Cremer,1919-1922
39,Rembertus Pieter Dojes,1919-1922
40,Carel Coenraad Geertsema,1919-1922
41,Douwinus Johannes van Houten,1919-1922
42,Jacobus Kappeyne van de Coppello,1919-1922
43,Jacob Kraus,1919-1922
44,Frederik Salomon van Nierop,1919-1922
45,Harm Smeenge,1919-1922
46,Henri Staal,1919-1922
47,Dirk Willem Stork,1919-1922
48,Gijsbert d'Aumale van Hardenbroek van Hardenbroek,1919-1922
49,Herman Bavinck,1919-1922
50,Lodewijk Willem Christiaan van den Berg,1919-1922
51,Hendrik Colijn,1919-1922
52,Herman Franssen,1919-1922
53,Pieter Cornelis 't Hooft,1919-1922
54,Abraham Kuyper,1919-1922
55,Christiaan Lucasse,1919-1922
56,Jan Hendrik de Waal Malefijt,1919-1922
57,Henri van Kol,1919-1922
58,Maup Mendels,1919-1922
59,Henri Polak,1919-1922
60,Willem Vliegen,1919-1922
61,Nicolaas Charles de Gijselaar,1919-1922
62,Abraham van der Hoeven,1919-1922
63,Willem Lodewijk de Vos van Steenwijk,1919-1922
64,Otto Jacob Eifelanus van Wassenaer van Catwijck,1919-1922
65,David van Embden,1919-1922
66,Gustaaf van der Feltz,1919-1922
67,Abraham Jacobus Frederik Fokker van Crayestein van Rengerskerke,1919-1922
