"","District","Aanbevolen.door","Aantal.stemmen","Percentage","V5"
"1","Leiden(14/06/1864)",NA,"663","39.4643%","'mr. D.T.  Siegenbeek'"
"2","Leiden(18/09/1866)",NA,"41","3.664%","' F.L.  Geerling'"
"3","Leiden(30/10/1866)",NA,"721","19.2729%","'jhr.mr. H. van Alphen'"
"4","Leiden(22/01/1868)",NA,"578","18.6151%","'jhr.mr. H. van Alphen'"
"5","Leiden(30/10/1866)",NA,"36","0.9623%","' C. de Graaf'"
"6","Leiden(08/06/1869)","(AH)*","797","40.1511%","'mr. H.A.  Neeb'"
"7","Leiden(22/06/1869)","(AH)*","835","40.4358%","'mr. H.A.  Neeb'"
"8","Leiden(18/03/1873)","","651","37.3066%","'mr. H.A.  Neeb'"
"9","Leiden(01/04/1873)","","709","42.0273%","'mr. H.A.  Neeb'"
"10","Leiden(12/06/1877)","(AH)*","926","45.017%","'mr. H.A.  Neeb'"
"11","Leiden(18/03/1873)",NA,"440","25.2149%","' W.J.F.  Nuyens'"
"12","Leiden(08/06/1875)","(AH)*","610","32.6727%","' G.J.  Grashuis'"
"13","Leiden(10/06/1879)","(AH)*","800","37.4181%","' L.M. de Laat de Kanter'"
"14","Leiden(24/06/1879)","(AH)*","848","38.7392%","' L.M. de Laat de Kanter'"
"15","Leiden(29/07/1879)","","625","33.4403%","' L.M. de Laat de Kanter'"
"16","Leiden(13/01/1880)","","1021","61.2845%","' J.H.  Donner'"
"17","Leiden(14/06/1881)","AR(DT)","1189","83.0307%","' J.H.  Donner'"
"18","Leiden(28/10/1884)","AR(DT)","1512","31.7048%","' J.H.  Donner'"
"19","Leiden(15/06/1886)","AR","828","17.3041%","' J.H.  Donner'"
"20","Leiden(01/09/1887)","AR","828","15.5932%","' J.H.  Donner'"
"21","Leiden(14/09/1887)","AR","1393","16.4075%","' J.H.  Donner'"
"22","Katwijk(06/03/1888)","AR","1392","39.3777%","' J.H.  Donner'"
"23","Rotterdam(06/03/1888)","AR","742","2.8393%","' J.H.  Donner'"
"24","Katwijk(20/03/1888)","AR","1715","53.9648%","' J.H.  Donner'"
"25","Katwijk(09/06/1891)","AR","1256","36.9738%","' J.H.  Donner'"
"26","Katwijk(23/06/1891)","AR","1942","57.6261%","' J.H.  Donner'"
"27","Katwijk(10/04/1894)","AR(VT)","1311","41.2524%","' J.H.  Donner'"
"28","Katwijk(11/05/1894)","AR(VT)","1160","34.2385%","' J.H.  Donner'"
"29","Katwijk(25/05/1894)","AR(VT)","1859","52.322%","' J.H.  Donner'"
"30","Katwijk(15/06/1897)","AR","2012","38.3823%","' J.H.  Donner'"
"31","Katwijk(25/06/1897)","AR","2723","53.5813%","' J.H.  Donner'"
"32","Leiden(13/01/1880)",NA,"142","8.5234%","'jhr.mr. E. van den Berch van Heemstede'"
"33","Leiden(13/01/1880)",NA,"31","1.8607%","' R.G.S. baron van Rhemen tot Rhemenshuizen'"
"34","Leiden(14/06/1881)","(AH)*","137","9.567%","'mr. A.E.J.  Modderman'"
"35","Delft(12/06/1883)","(AH)*","918","34.2027%","'mr. A.E.J.  Modderman'"
"36","Delft(26/06/1883)","","1385","48.5454%","'mr. A.E.J.  Modderman'"
"37","Middelburg(10/06/1879)","(AH)*","951","47.8611%","' H.J.  Bool'"
"38","Leiden(14/06/1881)","(AH)*","43","3.0028%","' H.J.  Bool'"
"39","Middelburg(29/11/1881)","","989","50.4077%","' H.J.  Bool'"
"40","Middelburg(03/01/1882)","","1109","47.4337%","' H.J.  Bool'"
"41","Leiden(01/09/1887)","","791","14.8964%","' H.J.  Bool'"
"42","Leiden(06/03/1888)","Lib","1102","51.9077%","' H.J.  Bool'"
"43","Leiden(09/06/1891)","Lib","1049","54.7495%","' H.J.  Bool'"
"44","Leiden(10/04/1894)","Lib(TT)","1023","59.6501%","' H.J.  Bool'"
"45","Gouda(10/06/1873)","(AH)*","564","29.6374%","'mr. J.T.  Buys'"
"46","Leiden(14/06/1881)","","37","2.5838%","'mr. J.T.  Buys'"
"47","Leiden(12/06/1883)","(AH)*","709","34.1851%","' D.  Hartevelt'"
"48","Leiden(28/10/1884)","(AH)*","852","17.8654%","' D.  Hartevelt'"
"49","Leiden(28/10/1884)","(AH)*","869","18.2218%","' J. van der Breggen'"
"50","Gouda(28/10/1884)","(AH)*","1177","20.1093%","' J. van der Breggen'"
"51","Leiden(15/06/1886)","(DT)*","1014","21.1912%","'mr. J.P.  Smeele'"
"52","Leiden(29/06/1886)","DT(AR)","1515","26.0086%","'mr. J.P.  Smeele'"
"53","Leiden(01/09/1887)","(DT)*","994","18.7194%","'mr. J.P.  Smeele'"
"54","Leiden(14/09/1887)","(DT)*","1042","12.2733%","'mr. J.P.  Smeele'"
"55","Leiden(13/12/1887)","","817","36.9015%","'mr. J.P.  Smeele'"
"56","Leiden(27/12/1887)","","938","45.6892%","'mr. J.P.  Smeele'"
"57","Leiden(15/06/1886)","(AH)*","952","19.8955%","' J.  Rinkes Borger'"
"58","Leiden(29/06/1886)","(AH)*","1068","18.3348%","' J.  Rinkes Borger'"
"59","Leiden(15/06/1886)","(AH)*","1041","21.7555%","'mr. H. graaf van Limburg Stirum'"
"60","Leiden(29/06/1886)","(AH)*","1338","22.97%","'mr. H. graaf van Limburg Stirum'"
"61","Rotterdam(01/09/1887)","(DT)*","391","6.0377%","' J.P.T. van Nunen'"
"62","Leiden(01/09/1887)","(DT)*","970","18.2674%","' J.P.T. van Nunen'"
"63","Leiden(14/09/1887)","(DT)*","1020","12.0141%","' J.P.T. van Nunen'"
"64","Rotterdam(06/03/1888)","Ka(AR)","1637","6.2641%","' J.P.T. van Nunen'"
"65","Zevenbergen(06/03/1888)","Ka","1483","60.3336%","' J.P.T. van Nunen'"
"66","Rotterdam(09/06/1891)","Ka","736","3.2209%","' J.P.T. van Nunen'"
"67","Zevenbergen(09/06/1891)","Ka","1267","71.9886%","' J.P.T. van Nunen'"
"68","Amsterdam(09/06/1891)","Ka","1170","0.981%","' J.P.T. van Nunen'"
"69","Leiden(01/09/1887)",NA,"810","15.2542%","'mr. F.  Was'"
"70","Leiden(13/12/1887)",NA,"695","31.3911%","'mr. P.L.F.  Blussé'"
"71","Leiden(27/12/1887)",NA,"1113","54.2133%","'mr. P.L.F.  Blussé'"
"72","Gouda(08/06/1852)","","166","9.952%","'jhr.mr. W.M. de Brauw'"
"73","Gouda(17/05/1853)","","1631","34.2144%","'jhr.mr. W.M. de Brauw'"
"74","Gouda(10/06/1856)","","710","38.6079%","'jhr.mr. W.M. de Brauw'"
"75","Gouda(24/06/1856)","","1108","52.0432%","'jhr.mr. W.M. de Brauw'"
"76","Gouda(12/06/1860)","","915","75.6824%","'jhr.mr. W.M. de Brauw'"
"77","Gouda(18/06/1861)","","954","91.0305%","'jhr.mr. W.M. de Brauw'"
"78","Gouda(14/06/1864)","","1281","53.9823%","'jhr.mr. W.M. de Brauw'"
"79","Gouda(30/10/1866)","","1261","24.3014%","'jhr.mr. W.M. de Brauw'"
"80","Gouda(13/11/1866)","","1323","61.7936%","'jhr.mr. W.M. de Brauw'"
"81","Gouda(22/01/1868)","","1006","25.1563%","'jhr.mr. W.M. de Brauw'"
"82","Gouda(08/06/1869)","AK/DT/DZH","1122","46.8085%","'jhr.mr. W.M. de Brauw'"
"83","Gouda(22/06/1869)","DT/DZH","1597","60.6302%","'jhr.mr. W.M. de Brauw'"
"84","Gouda(10/06/1873)","DZH(DT)","740","38.886%","'jhr.mr. W.M. de Brauw'"
"85","Gouda(24/06/1873)","DZH(DT)","1035","52.9954%","'jhr.mr. W.M. de Brauw'"
"86","Gouda(08/06/1852)",NA,"152","9.1127%","'mr. J.H.  Gilquin'"
"87","Gouda(08/06/1852)",NA,"152","9.1127%","' S.H. van Hoogstraten'"
"88","Gouda(08/06/1852)",NA,"31","1.8585%","'mr. A.H.J.  Ravesteijn Medenblik'"
"89","Gouda(10/06/1862)",NA,"603","32.7184%","'mr. P.F.  Hubrecht'"
"90","Gouda(14/06/1864)","","1001","42.1829%","'mr. J.B.L.  Wentholt'"
"91","Gouda(13/06/1871)","(AH)*","657","38.9449%","'mr. J.B.L.  Wentholt'"
"92","Gouda(14/06/1864)","","63","2.6549%","' J.  Voorhoeve H Czn.'"
"93","Rotterdam(30/10/1866)","","364","5.4729%","' J.  Voorhoeve H Czn.'"
"94","Dordrecht(12/06/1877)","AR","393","29.8179%","' J.  Voorhoeve H Czn.'"
"95","Rotterdam(24/08/1880)","","315","16.6579%","' J.  Voorhoeve H Czn.'"
"96","Dordrecht(17/05/1853)","","120","4.0858%","'mr. M.  Bichon van Ysselmonde'"
"97","Dordrecht(02/07/1853)","","30","2.1201%","'mr. M.  Bichon van Ysselmonde'"
"98","Rotterdam(03/03/1863)","","121","7.3378%","'mr. M.  Bichon van Ysselmonde'"
"99","Rotterdam(14/06/1864)","","443","30.0543%","'mr. M.  Bichon van Ysselmonde'"
"100","Dordrecht(14/06/1864)","","339","33.432%","'mr. M.  Bichon van Ysselmonde'"
"101","Dordrecht(28/06/1864)","","781","46.9916%","'mr. M.  Bichon van Ysselmonde'"
"102","Rotterdam(12/06/1866)","","485","29.1116%","'mr. M.  Bichon van Ysselmonde'"
"103","Rotterdam(30/10/1866)","","702","10.5548%","'mr. M.  Bichon van Ysselmonde'"
"104","Dordrecht(30/10/1866)","","24","0.6843%","'mr. M.  Bichon van Ysselmonde'"
"105","Dordrecht(30/10/1866)","","864","24.6364%","'mr. M.  Bichon van Ysselmonde'"
"106","Dordrecht(13/11/1866)","","968","25.7721%","'mr. M.  Bichon van Ysselmonde'"
"107","Rotterdam(22/01/1868)","","253","3.6577%","'mr. M.  Bichon van Ysselmonde'"
"108","Dordrecht(22/01/1868)","","739","21.793%","'mr. M.  Bichon van Ysselmonde'"
"109","Dordrecht(23/06/1868)","","806","49.6917%","'mr. M.  Bichon van Ysselmonde'"
"110","Dordrecht(07/07/1868)","","1071","53.9819%","'mr. M.  Bichon van Ysselmonde'"
"111","Brielle(13/06/1871)","","20","3.1949%","'mr. M.  Bichon van Ysselmonde'"
"112","Dordrecht(13/06/1871)","(DZH)*","269","22.0854%","'mr. M.  Bichon van Ysselmonde'"
"113","Dordrecht(10/06/1873)","AR","493","35.3405%","'mr. M.  Bichon van Ysselmonde'"
"114","Gouda(13/02/1874)","","911","35.2282%","'mr. M.  Bichon van Ysselmonde'"
"115","Gouda(27/02/1874)","","1645","61.8886%","'mr. M.  Bichon van Ysselmonde'"
"116","Gouda(12/06/1877)","AR(DT)","1189","52.7741%","'mr. M.  Bichon van Ysselmonde'"
"117","Gouda(14/06/1881)","AR(DT)","1645","56.8221%","'mr. M.  Bichon van Ysselmonde'"
"118","Dordrecht(13/02/1860)",NA,"164","14.8014%","'jhr.mr. H.J. van der Heim'"
"119","Dordrecht(12/06/1860)",NA,"194","20.8378%","'jhr.mr. H.J. van der Heim'"
"120","Middelburg(22/01/1868)",NA,"823","20.9361%","'jhr.mr. H.J. van der Heim'"
"121","Gouda(13/02/1874)",NA,"686","26.5275%","'jhr.mr. H.J. van der Heim'"
"122","Gorinchem(14/06/1881)",NA,"770","30.9237%","'jhr.mr. H.J. van der Heim'"
"123","Gouda(08/06/1875)","AH(DZH)","1216","44.2182%","'mr. J.G.  Patijn'"
"124","Gouda(12/06/1877)","","1132","50.5809%","'mr. J.G.  Patijn'"
"125","Gouda(10/06/1879)","(AH)*","1027","44.7495%","'mr. J.G.  Patijn'"
"126","Gouda(24/06/1879)","(AH)*","1395","56.1368%","'mr. J.G.  Patijn'"
"127","Bodegraven(06/03/1888)","Lib","1100","31.1791%","'mr. J.G.  Patijn'"
"128","Schiedam(06/03/1888)","Lib","1099","45.1891%","'mr. J.G.  Patijn'"
"129","Gouda(06/03/1888)","Lib","1240","48.174%","'mr. J.G.  Patijn'"
"130","Bodegraven(20/03/1888)","Lib","1454","41.8899%","'mr. J.G.  Patijn'"
"131","Schiedam(20/03/1888)","Lib","1328","54.6277%","'mr. J.G.  Patijn'"
"132","Gouda(14/06/1881)","(AH)*","1243","42.9361%","'mr. A.A. van Bergen Ijzendoorn'"
"133","Gouda(07/11/1882)","","887","34.1811%","'mr. J.  Fortuijn Droogleever'"
"134","Gouda(15/06/1886)","(AH)*","1612","22.4388%","'mr. J.  Fortuijn Droogleever'"
"135","Gouda(01/09/1887)","","1189","20.7287%","'mr. J.  Fortuijn Droogleever'"
"136","Gouda(15/05/1888)","Lib","1095","42.958%","'mr. J.  Fortuijn Droogleever'"
"137","Gouda(12/06/1883)","(AH)*","999","37.6981%","'mr. W.  Thorbecke'"
"138","Gouda(30/10/1883)","","871","36.9068%","'mr. W.  Thorbecke'"
"139","Den Bosch(28/10/1884)","(AH)*","80","2.9007%","'mr. W.  Thorbecke'"
"140","Gouda(28/10/1884)","(AH)*","1164","19.8872%","'mr. A.J.  Roest'"
"141","Gouda(15/06/1886)","(AH)*","1632","22.7171%","'mr. A.J.  Roest'"
"142","Gouda(01/09/1887)","","1201","20.9379%","'mr. A.J.  Roest'"
"143","Delft(27/08/1850)",NA,"35","0.9467%","' P.  Loopuyt'"
"144","Delft(27/08/1850)",NA,"31","0.8385%","'dr. G.  Simons'"
"145","Gorinchem(14/06/1864)",NA,"731","39.1118%","'dr. G.  Simons'"
"146","Gorinchem(28/06/1864)",NA,"989","52.8877%","'dr. G.  Simons'"
"147","Gorinchem(30/10/1866)",NA,"1057","23.1697%","'dr. G.  Simons'"
"148","Gorinchem(13/11/1866)",NA,"1286","61.1217%","'dr. G.  Simons'"
"149","Gorinchem(22/01/1868)",NA,"1074","25.9295%","'dr. G.  Simons'"
"150","Delft(17/05/1853)",NA,"705","16.7458%","'mr. A.M. de Rouville'"
"151","Delft(10/06/1856)",NA,"75","4.6154%","'mr. J.C. van den Honert'"
"152","Delft(30/10/1866)",NA,"161","3.7468%","' D.J.  Ammerlaan'"
"153","Delft(30/10/1866)",NA,"109","2.5367%","' J. van Woerden'"
"154","Delft(22/01/1868)","","762","19.7205%","'mr. J. van Kuyk'"
"155","Delft(04/02/1868)","","1316","30.2251%","'mr. J. van Kuyk'"
"156","Delft(13/06/1871)","(DZH)*","1108","62.0381%","'mr. J. van Kuyk'"
"157","Delft(22/01/1868)","","676","17.4948%","' J.L.  Nierstrasz'"
"158","Delft(04/02/1868)","","1220","28.0202%","' J.L.  Nierstrasz'"
"159","Delft(08/06/1869)","AK/DZH","1046","54.2813%","' J.L.  Nierstrasz'"
"160","Delft(10/06/1873)","DZH(DT)","900","46.344%","' J.L.  Nierstrasz'"
"161","Delft(24/06/1873)","DZH(DT)","1187","54.6249%","' J.L.  Nierstrasz'"
"162","Delft(22/01/1868)","","855","22.1273%","'dr. K.A.  Rombach'"
"163","Delft(04/02/1868)","","762","17.5011%","'dr. K.A.  Rombach'"
"164","Brielle(08/06/1869)","(AH)*","567","66.5493%","'dr. K.A.  Rombach'"
"165","Brielle(13/06/1871)","(AH)*","533","85.1438%","'dr. K.A.  Rombach'"
"166","Brielle(08/06/1875)","","597","70.9026%","'dr. K.A.  Rombach'"
"167","Brielle(10/06/1879)","(AH)*","419","79.6578%","'dr. K.A.  Rombach'"
"168","Brielle(12/06/1883)","(AH)*","687","58.6678%","'dr. K.A.  Rombach'"
"169","Brielle(28/10/1884)","(AH)*","201","18.75%","'dr. K.A.  Rombach'"
"170","Delft(22/01/1868)",NA,"41","1.0611%","'mr. C.C.E. d' Engelbronner'"
"171","Delft(10/06/1873)","(AH)*","690","35.5304%","' C.J.  Vaillant'"
"172","Delft(24/06/1873)","(AH)*","986","45.3751%","' C.J.  Vaillant'"
"173","Delft(08/06/1875)","(AH)*","926","36.4423%","' C.J.  Vaillant'"
"174","Delft(22/06/1875)","(AH)*","1117","44.7158%","' C.J.  Vaillant'"
"175","Delft(12/06/1877)","(AH)*","964","41.7135%","' A.M.  Schagen van Leeuwen'"
"176","Delft(26/06/1877)","(AH)*","1416","57.189%","' A.M.  Schagen van Leeuwen'"
"177","Delft(14/06/1881)","(AH)*","871","34.05%","' A.M.  Schagen van Leeuwen'"
"178","Delft(12/06/1877)","(DT)*","893","38.6413%","' S.  Gille Heringa'"
"179","Delft(26/06/1877)","(DT)*","1060","42.811%","' S.  Gille Heringa'"
"180","Dordrecht(10/06/1879)","(AH)*","394","25.4686%","'mr. H.D.  Levyssohn Norman'"
"181","Delft(10/06/1879)","(AH)*","535","23.1702%","'mr. H.D.  Levyssohn Norman'"
"182","Rotterdam(06/03/1888)","Lib","3057","11.6979%","'mr. H.D.  Levyssohn Norman'"
"183","Rotterdam(09/06/1891)","Lib","2701","11.8201%","'mr. H.D.  Levyssohn Norman'"
"184","Delft(10/06/1879)","AR","689","29.8398%","' H.  Seret'"
"185","Delft(24/06/1879)","AR","838","39.5843%","' H.  Seret'"
"186","Gorinchem(23/09/1880)","","1248","57.2215%","' H.  Seret'"
"187","Gorinchem(14/06/1881)","AR(DT)","1716","68.9157%","' H.  Seret'"
"188","Gorinchem(14/02/1882)","","1300","95.2381%","' H.  Seret'"
"189","Gorinchem(28/10/1884)","AR","1747","34.4712%","' H.  Seret'"
"190","Gorinchem(15/06/1886)","AR(DT)","2058","32.4197%","' H.  Seret'"
"191","Gorinchem(01/09/1887)","AR(DT)","1499","45.8971%","' H.  Seret'"
"192","Gorinchem(06/03/1888)","AR(Ka)","1674","53.9478%","' H.  Seret'"
"193","Brielle(09/06/1891)","AR","1027","41.9869%","' H.  Seret'"
"194","Rotterdam(09/06/1891)","AR","1043","4.5644%","' H.  Seret'"
"195","Gorinchem(09/06/1891)","AR","1652","55.9431%","' H.  Seret'"
"196","Gorinchem(10/04/1894)","AR(VT)","1266","52.8601%","' H.  Seret'"
"197","Brielle(10/04/1894)","AR(VT)","877","39.2921%","' H.  Seret'"
"198","Leiden(10/04/1894)","AR(VT)","335","19.5335%","' H.  Seret'"
"199","Brielle(24/04/1894)","AR(VT)","1223","47.3114%","' H.  Seret'"
"200","Gorinchem(15/06/1897)","AR(Ka)","2511","52.9859%","' H.  Seret'"
"201","Gorinchem(14/06/1901)","AR(Ka)","2432","62.7775%","' H.  Seret'"
"202","Delft(28/10/1884)","(AH)*","1028","22.5093%","'jhr.mr. W.T.C. van Doorn'"
"203","Delft(11/11/1884)","","1123","18.8898%","'jhr.mr. W.T.C. van Doorn'"
"204","Delft(15/06/1886)","(AH)*","1311","20.4908%","'jhr.mr. W.T.C. van Doorn'"
"205","Loosduinen(06/03/1888)","Lib","1094","31.9696%","'jhr.mr. W.T.C. van Doorn'"
"206","Loosduinen(20/03/1888)","Lib","1358","40.4287%","'jhr.mr. W.T.C. van Doorn'"
"207","Delft(14/06/1901)","Lib(VL)","1196","28.3547%","'jhr.mr. W.T.C. van Doorn'"
"208","Gouda(16/06/1905)","Lib(VL)","3361","43.0291%","'jhr.mr. W.T.C. van Doorn'"
"209","Gouda(28/06/1905)","Lib(VL/VD)","4213","51.5289%","'jhr.mr. W.T.C. van Doorn'"
"210","Gouda(11/06/1909)","Lib(VL)","3668","44.7372%","'jhr.mr. W.T.C. van Doorn'"
"211","Gouda(23/06/1909)","Lib(VL/VD/SDAP)","4526","51.5901%","'jhr.mr. W.T.C. van Doorn'"
"212","Gouda(17/06/1913)","Lib","4127","43.2645%","'jhr.mr. W.T.C. van Doorn'"
"213","Gouda(25/06/1913)","Lib(VL/VD/SDAP)","5411","55.2989%","'jhr.mr. W.T.C. van Doorn'"
"214","Gouda(15/06/1917)","Lib","None","None%","'jhr.mr. W.T.C. van Doorn'"
"215","Delft(15/06/1886)","(AH)*","1279","19.9906%","'mr. A.M.  Maas Geesteranus'"
"216","Rotterdam(27/08/1850)",NA,"32","1.4369%","' P.H.  Tromp'"
"217","Rotterdam(27/08/1850)",NA,"21","0.943%","' P. van Swieten'"
"218","Rotterdam(17/05/1853)",NA,"613","21.539%","'mr. A.  Hoynck van Papendrecht'"
"219","Rotterdam(31/05/1853)",NA,"729","24.4139%","'mr. A.  Hoynck van Papendrecht'"
"220","Rotterdam(13/06/1854)",NA,"632","51.8458%","'mr. A.  Hoynck van Papendrecht'"
"221","Rotterdam(08/06/1858)",NA,"489","75.5796%","'mr. A.  Hoynck van Papendrecht'"
"222","Rotterdam(10/06/1862)",NA,"777","35.7241%","'mr. A.  Hoynck van Papendrecht'"
"223","Rotterdam(07/04/1858)",NA,"110","11.0999%","'mr. E.J.A. graaf van Bylandt'"
"224","Rotterdam(25/01/1859)",NA,"209","23.2739%","'mr. E.J.A. graaf van Bylandt'"
"225","Rotterdam(25/02/1862)",NA,"148","8.496%","'mr. E.J.A. graaf van Bylandt'"
"226","Rotterdam(25/02/1862)","","1088","62.4569%","' F.W.C.  Blom'"
"227","Rotterdam(14/06/1864)","","882","59.8372%","' F.W.C.  Blom'"
"228","Rotterdam(30/10/1866)","","1322","19.8767%","' F.W.C.  Blom'"
"229","Rotterdam(22/01/1868)","","1293","18.6931%","' F.W.C.  Blom'"
"230","Rotterdam(08/06/1869)","(AH)*","1119","36.2723%","' F.W.C.  Blom'"
"231","Rotterdam(10/06/1873)","(AH)*","825","32.6345%","' F.W.C.  Blom'"
"232","Gorinchem(16/09/1862)","","544","29.3737%","' W.A.  Viruly Verbrugge'"
"233","Gorinchem(30/09/1862)","","931","43.6679%","' W.A.  Viruly Verbrugge'"
"234","Gorinchem(10/11/1862)","","636","39.2109%","' W.A.  Viruly Verbrugge'"
"235","Gorinchem(24/11/1862)","","897","48.045%","' W.A.  Viruly Verbrugge'"
"236","Rotterdam(03/03/1863)","","1058","64.1601%","' W.A.  Viruly Verbrugge'"
"237","Rotterdam(12/06/1866)","","1090","65.4262%","' W.A.  Viruly Verbrugge'"
"238","Rotterdam(30/10/1866)","","1370","20.5984%","' W.A.  Viruly Verbrugge'"
"239","Rotterdam(22/01/1868)","","1314","18.9967%","' W.A.  Viruly Verbrugge'"
"240","Rotterdam(08/06/1869)","(AH)*","1127","36.5316%","' W.A.  Viruly Verbrugge'"
"241","Rotterdam(10/06/1873)","(AH)*","820","32.4367%","' W.A.  Viruly Verbrugge'"
"242","Rotterdam(12/06/1877)","(AH)*","1010","70.0902%","' W.A.  Viruly Verbrugge'"
"243","Rotterdam(14/06/1881)","(AH)*","986","50.8772%","' W.A.  Viruly Verbrugge'"
"244","Rotterdam(28/10/1884)","(AH)*","1510","15.2064%","' W.A.  Viruly Verbrugge'"
"245","Rotterdam(15/06/1886)","(AH)*","1466","16.26%","' W.A.  Viruly Verbrugge'"
"246","Rotterdam(01/09/1887)","","992","15.3181%","' W.A.  Viruly Verbrugge'"
"247","Rotterdam(06/03/1888)","Lib","3462","13.2476%","' W.A.  Viruly Verbrugge'"
"248","Rotterdam(09/06/1891)","Lib","2712","11.8682%","' W.A.  Viruly Verbrugge'"
"249","Rotterdam(10/04/1894)","Lib(TT)","3435","13.8124%","' W.A.  Viruly Verbrugge'"
"250","Rotterdam(03/03/1863)",NA,"460","27.8957%","' F. s' Jacob'"
"251","Rotterdam(22/01/1868)",NA,"786","11.3633%","' F. s' Jacob'"
"252","Rotterdam(14/06/1864)",NA,"131","8.8874%","' A.D. van der Gon Netscher'"
"253","Rotterdam(30/10/1866)",NA,"286","4.3001%","'mr. G.  Mees Azn.'"
"254","Rotterdam(22/01/1868)",NA,"452","6.5346%","'mr. A.A.  Weve'"
"255","Rotterdam(22/01/1868)",NA,"169","2.4433%","' A.  Rueb'"
"256","Rotterdam(22/01/1868)",NA,"64","0.9253%","' R.  Baelde'"
"257","Rotterdam(30/09/1873)","","756","74.7774%","'dr. R.P.  Mees R.Az.'"
"258","Rotterdam(08/06/1875)","","1088","71.2975%","'dr. R.P.  Mees R.Az.'"
"259","Rotterdam(10/06/1879)","(AH)*","933","25.9455%","'dr. R.P.  Mees R.Az.'"
"260","Rotterdam(24/06/1879)","(AH)*","1327","31.792%","'dr. R.P.  Mees R.Az.'"
"261","Rotterdam(12/06/1883)","(AH)*","1071","56.4873%","'dr. R.P.  Mees R.Az.'"
"262","Rotterdam(28/10/1884)","(AH)*","1509","15.1964%","'dr. R.P.  Mees R.Az.'"
"263","Rotterdam(15/06/1886)","(AH)*","1476","16.3709%","'dr. R.P.  Mees R.Az.'"
"264","Rotterdam(01/09/1887)","","1016","15.6887%","'dr. R.P.  Mees R.Az.'"
"265","Rotterdam(06/03/1888)","Lib","3535","13.527%","'dr. R.P.  Mees R.Az.'"
"266","Rotterdam(09/06/1891)","Lib","2746","12.017%","'dr. R.P.  Mees R.Az.'"
"267","Rotterdam(10/04/1894)","Lib(TT)","3472","13.9612%","'dr. R.P.  Mees R.Az.'"
"268","Rotterdam I(15/06/1897)","Lib","1066","40.4247%","'dr. R.P.  Mees R.Az.'"
"269","Rotterdam I(25/06/1897)","Lib","1298","47.0631%","'dr. R.P.  Mees R.Az.'"
"270","Rotterdam IV(18/01/1898)","","1308","47.1861%","'dr. R.P.  Mees R.Az.'"
"271","Rotterdam IV(25/01/1898)","","1632","55.0793%","'dr. R.P.  Mees R.Az.'"
"272","Rotterdam IV(14/06/1901)","VL(Lib)","1574","49.8733%","'dr. R.P.  Mees R.Az.'"
"273","Rotterdam IV(27/06/1901)","VL(Lib/VD)","1810","54.4034%","'dr. R.P.  Mees R.Az.'"
"274","Rotterdam(26/02/1878)","","838","44.3856%","' J. van Stolk Jzn.'"
"275","Rotterdam(12/03/1878)","","1261","52.129%","' J. van Stolk Jzn.'"
"276","Rotterdam(10/06/1879)","(AH)*","814","22.6363%","' J. van Stolk Jzn.'"
"277","Rotterdam(24/06/1879)","(AH)*","1426","34.1639%","' J. van Stolk Jzn.'"
"278","Rotterdam(08/10/1878)","","719","59.817%","'mr. J. van Gennep'"
"279","Rotterdam(14/06/1881)","(AH)*","1006","51.9092%","'mr. J. van Gennep'"
"280","Rotterdam(28/10/1884)","(AH)*","1517","15.2769%","'mr. J. van Gennep'"
"281","Rotterdam(15/06/1886)","(AH)*","1469","16.2933%","'mr. J. van Gennep'"
"282","Rotterdam(01/09/1887)","","1009","15.5806%","'mr. J. van Gennep'"
"283","Rotterdam(11/05/1894)","Lib(TT)","2864","71.1199%","'mr. J. van Gennep'"
"284","Rotterdam(08/10/1878)","","280","23.2945%","'mr. W.H.  Jansen'"
"285","Rotterdam(10/06/1879)","(DT)*","583","16.2125%","'mr. W.H.  Jansen'"
"286","Rotterdam(24/06/1879)","(DT)*","754","18.0642%","'mr. W.H.  Jansen'"
"287","Rotterdam(12/06/1883)","(DT)*","443","23.365%","'mr. W.H.  Jansen'"
"288","Rotterdam(28/10/1884)","(DT)*","552","5.5589%","'mr. W.H.  Jansen'"
"289","Rotterdam(15/06/1886)","(DT)*","540","5.9894%","'mr. W.H.  Jansen'"
"290","Rotterdam(01/09/1887)","(DT)*","391","6.0377%","'mr. W.H.  Jansen'"
"291","Rotterdam(10/06/1879)",NA,"50","1.3904%","' G.H. van Soest'"
"292","Rotterdam(24/08/1880)",NA,"747","39.5029%","' M.L. van Deventer'"
"293","Rotterdam(07/09/1880)",NA,"985","47.2876%","' M.L. van Deventer'"
"294","Rotterdam(12/02/1884)",NA,"729","35.1325%","' M.L. van Deventer'"
"295","Rotterdam(14/06/1881)","AR(DT)","922","47.5748%","' G.P.  Ittmann'"
"296","Rotterdam(06/03/1888)","","139","0.5319%","' G.P.  Ittmann'"
"297","Rotterdam(14/06/1881)","(DT)*","544","28.0702%","' J.G. van den Bergh'"
"298","Rotterdam(28/10/1884)","(DT)*","570","5.7402%","'mr. G.  Bahlmann'"
"299","Breda(06/07/1880)","","1853","98.2503%","'dr. H.J.A.M.  Schaepman'"
"300","Breda(14/06/1881)","(DT)*","1657","96.7309%","'dr. H.J.A.M.  Schaepman'"
"301","Breda(28/10/1884)","(DT)*","1951","41.3786%","'dr. H.J.A.M.  Schaepman'"
"302","Rotterdam(28/10/1884)","(DT)*","567","5.71%","'dr. H.J.A.M.  Schaepman'"
"303","Breda(15/06/1886)","(DT)*","2040","40.0393%","'dr. H.J.A.M.  Schaepman'"
"304","Breda(01/09/1887)","(DT)*","1528","48.1411%","'dr. H.J.A.M.  Schaepman'"
"305","Breda(06/03/1888)","Ka","1442","90.125%","'dr. H.J.A.M.  Schaepman'"
"306","Wijk bij Duurstede(06/03/1888)","Ka","1244","42.5445%","'dr. H.J.A.M.  Schaepman'"
"307","Groningen(06/03/1888)","Ka(AR)","1540","15.3051%","'dr. H.J.A.M.  Schaepman'"
"308","Oostburg(06/03/1888)","Ka","499","18.8801%","'dr. H.J.A.M.  Schaepman'"
"309","Wijk bij Duurstede(20/03/1888)","Ka(AR)","1563","53.4908%","'dr. H.J.A.M.  Schaepman'"
"310","Bodegraven(09/06/1891)","Ka","708","20.8113%","'dr. H.J.A.M.  Schaepman'"
"311","Groningen(09/06/1891)","Ka(AR)","1059","13.7283%","'dr. H.J.A.M.  Schaepman'"
"312","Zaandam(09/06/1891)","Ka","258","10.5998%","'dr. H.J.A.M.  Schaepman'"
"313","Wijk bij Duurstede(09/06/1891)","Ka","1148","41.6093%","'dr. H.J.A.M.  Schaepman'"
"314","Druten(09/06/1891)","Ka","50","3.7313%","'dr. H.J.A.M.  Schaepman'"
"315","Amsterdam(09/06/1891)","Ka(AR)","2477","2.0769%","'dr. H.J.A.M.  Schaepman'"
"316","Wijk bij Duurstede(23/06/1891)","Ka(AR)","1448","49.7424%","'dr. H.J.A.M.  Schaepman'"
"317","Eindhoven(09/07/1891)","","178","10.9673%","'dr. H.J.A.M.  Schaepman'"
"318","Almelo(23/07/1891)","","1228","56.4598%","'dr. H.J.A.M.  Schaepman'"
"319","Enkhuizen(10/04/1894)","Ka(VT)","923","30.9524%","'dr. H.J.A.M.  Schaepman'"
"320","Almelo(10/04/1894)","Ka(VT)","1228","90.1615%","'dr. H.J.A.M.  Schaepman'"
"321","Bergen op Zoom(10/04/1894)","","79","8.6909%","'dr. H.J.A.M.  Schaepman'"
"322","Breukelen(10/04/1894)","Ka(VT)
               Ka(VT)","856","29.1156%","'dr. H.J.A.M.  Schaepman'"
"323","Hilversum(10/04/1894)","Ka(VT)
               Ka(VT)","804","29.4938%","'dr. H.J.A.M.  Schaepman'"
"324","Boxmeer(12/06/1860)","","329","34.1641%","'mr. J.H.L.  Haffmans'"
"325","Roermond(12/06/1866)","","728","46.4286%","'mr. J.H.L.  Haffmans'"
"326","Roermond(30/10/1866)","","947","31.9285%","'mr. J.H.L.  Haffmans'"
"327","Roermond(22/01/1868)","","833","27.6836%","'mr. J.H.L.  Haffmans'"
"328","Boxmeer(08/06/1869)","AK/DT/DZH","1524","71.1485%","'mr. J.H.L.  Haffmans'"
"329","Boxmeer(10/06/1873)","(DT)*","1603","95.6444%","'mr. J.H.L.  Haffmans'"
"330","Boxmeer(12/06/1877)","(DT)*","1278","87.8351%","'mr. J.H.L.  Haffmans'"
"331","Boxmeer(14/06/1881)","","1079","89.9917%","'mr. J.H.L.  Haffmans'"
"332","Boxmeer(28/10/1884)","(DT)*","1237","48.8547%","'mr. J.H.L.  Haffmans'"
"333","Rotterdam(28/10/1884)","(DT)*","548","5.5186%","'mr. J.H.L.  Haffmans'"
"334","Boxmeer(15/06/1886)","(DT)*","1469","47.7879%","'mr. J.H.L.  Haffmans'"
"335","Boxmeer(01/09/1887)","(DT)*","1183","46.1388%","'mr. J.H.L.  Haffmans'"
"336","Venlo(06/03/1888)","Ka","1052","91.7175%","'mr. J.H.L.  Haffmans'"
"337","Venlo(09/06/1891)","Ka","1083","65.916%","'mr. J.H.L.  Haffmans'"
"338","Venlo(10/04/1894)","","752","93.0693%","'mr. J.H.L.  Haffmans'"
"339","Tilburg(23/11/1880)","","951","46.0087%","'mr. B.M.  Bahlmann'"
"340","Tilburg(07/12/1880)","","1486","58.8515%","'mr. B.M.  Bahlmann'"
"341","Tilburg(14/06/1881)","(DT)*","1353","93.0536%","'mr. B.M.  Bahlmann'"
"342","Tilburg(28/10/1884)","(DT)*","1471","48.6281%","'mr. B.M.  Bahlmann'"
"343","Tilburg(15/06/1886)","(DT)*","1540","46.8085%","'mr. B.M.  Bahlmann'"
"344","Rotterdam(15/06/1886)","(DT)*","551","6.1114%","'mr. B.M.  Bahlmann'"
"345","Tilburg(01/09/1887)","(DT)*","1346","48.4521%","'mr. B.M.  Bahlmann'"
"346","Rotterdam(01/09/1887)","(DT)*","399","6.1612%","'mr. B.M.  Bahlmann'"
"347","Tilburg(06/03/1888)","Ka","1268","89.7381%","'mr. B.M.  Bahlmann'"
"348","Rotterdam(06/03/1888)","Ka","841","3.2182%","'mr. B.M.  Bahlmann'"
"349","Elst(06/03/1888)","Ka","1104","39.0106%","'mr. B.M.  Bahlmann'"
"350","Elst(20/03/1888)","Ka","1255","49.8609%","'mr. B.M.  Bahlmann'"
"351","Tilburg(09/06/1891)","Ka","888","74.8104%","'mr. B.M.  Bahlmann'"
"352","Rotterdam(09/06/1891)","Ka","743","3.2515%","'mr. B.M.  Bahlmann'"
"353","Gouda(09/06/1891)","Ka","409","15.4398%","'mr. B.M.  Bahlmann'"
"354","Goes(09/06/1891)","Ka","129","4.4606%","'mr. B.M.  Bahlmann'"
"355","Delft(09/06/1891)","Ka","129","4.7549%","'mr. B.M.  Bahlmann'"
"356","Tilburg(10/04/1894)","","729","93.1034%","'mr. B.M.  Bahlmann'"
"357","Tilburg(15/06/1897)","Ka","2594","60.6358%","'mr. B.M.  Bahlmann'"
"358","Rotterdam(01/09/1887)","(DT)*","390","6.0222%","' J.J.G.  Nollet'"
"359","Rotterdam(12/02/1884)","","261","12.5783%","' J.M.  Voorhoeve'"
"360","Rotterdam(28/10/1884)","AR","396","3.9879%","' J.M.  Voorhoeve'"
"361","Rotterdam(01/09/1887)","AR","201","3.1038%","' J.M.  Voorhoeve'"
"362","Rotterdam(06/03/1888)","AR(Ka)","1671","6.3942%","' J.M.  Voorhoeve'"
"363","Rotterdam(27/03/1888)","AR","924","17.9243%","' J.M.  Voorhoeve'"
"364","Rotterdam(17/02/1891)","","606","22.5279%","' J.M.  Voorhoeve'"
"365","Rotterdam(09/06/1891)","AR","1052","4.6037%","' J.M.  Voorhoeve'"
"366","Rotterdam(03/01/1893)","","374","16.578%","' J.M.  Voorhoeve'"
"367","Rotterdam(10/04/1894)","AR(VT)","678","2.7263%","' J.M.  Voorhoeve'"
"368","Rotterdam(11/05/1894)","AR(VT)","322","7.996%","' J.M.  Voorhoeve'"
"369","Brielle(08/06/1875)",NA,"43","5.1069%","' G.F.  Lette'"
"370","Brielle(28/10/1884)","(AH)*","517","48.2276%","'mr. G.J.  Goekoop'"
"371","Brielle(11/11/1884)","","666","61.7811%","'mr. G.J.  Goekoop'"
"372","Brielle(15/06/1886)","(AH)*","737","65.106%","'mr. G.J.  Goekoop'"
"373","Brielle(01/09/1887)","","626","93.8531%","'mr. G.J.  Goekoop'"
"374","Brielle(06/03/1888)","Lib","1629","53.8334%","'mr. G.J.  Goekoop'"
"375","Brielle(09/06/1891)","Lib","1415","57.8496%","'mr. G.J.  Goekoop'"
"376","Brielle(10/04/1894)","Lib(TT)","1040","46.595%","'mr. G.J.  Goekoop'"
"377","Brielle(24/04/1894)","Lib(TT)","1362","52.6886%","'mr. G.J.  Goekoop'"
"378","Ridderkerk(15/06/1897)","Lib","1801","48.5576%","'mr. G.J.  Goekoop'"
"379","Brielle(15/06/1897)","Lib","2277","53.388%","'mr. G.J.  Goekoop'"
"380","Ridderkerk(25/06/1897)","Lib(CHK)","2034","49.7311%","'mr. G.J.  Goekoop'"
"381","Brielle(14/06/1901)","VL(Lib)","1979","43.8803%","'mr. G.J.  Goekoop'"
"382","Brielle(27/06/1901)","VL(Lib/VD)","2446","50.6209%","'mr. G.J.  Goekoop'"
"383","Den Haag(27/08/1850)",NA,"402","17.7327%","' E. van der Oudermeulen'"
"384","Den Haag(17/05/1853)",NA,"93","3.1611%","' G.L.  Baud'"
"385","Den Haag(23/05/1854)",NA,"419","44.3386%","'dr. I.P.  Delprat'"
"386","Den Haag(07/06/1854)",NA,"531","60.3409%","'dr. I.P.  Delprat'"
"387","Den Haag(13/06/1854)",NA,"497","52.2059%","'dr. I.P.  Delprat'"
"388","Den Haag(04/05/1858)",NA,"367","33.7937%","'dr. I.P.  Delprat'"
"389","Den Haag(18/05/1858)",NA,"631","51.3008%","'dr. I.P.  Delprat'"
"390","Den Haag(08/06/1858)",NA,"631","55.3995%","'dr. I.P.  Delprat'"
"391","Den Haag(23/05/1854)",NA,"240","25.3968%","' R.F. baron van Raders'"
"392","Den Haag(07/06/1854)",NA,"349","39.6591%","' R.F. baron van Raders'"
"393","Den Haag(13/06/1854)",NA,"31","3.2563%","' R.F. baron van Raders'"
"394","Den Haag(30/10/1866)",NA,"400","11.5741%","' F.A.T.  Delprat'"
"395","Den Haag(30/10/1866)",NA,"375","10.8507%","'mr. G.B.  Emants'"
"396","Den Haag(02/07/1867)","","638","79.6504%","'jhr. C.A. van Sypesteyn'"
"397","Den Haag(22/01/1868)","","1015","40.2778%","'jhr. C.A. van Sypesteyn'"
"398","Den Haag(08/06/1869)","AK/DZH","801","60.3163%","'jhr. C.A. van Sypesteyn'"
"399","Den Haag(15/06/1886)","(DT)*","825","18.8013%","'jhr. C.A. van Sypesteyn'"
"400","Den Haag(02/07/1867)","","99","12.3596%","'dr. J.  Bosscha jr.'"
"401","Gouda(08/06/1869)","(AH)*","1066","44.4723%","'dr. J.  Bosscha jr.'"
"402","Gouda(22/06/1869)","(AH)*","1037","39.3698%","'dr. J.  Bosscha jr.'"
"403","Amsterdam(12/10/1869)","","722","36.52%","'dr. J.  Bosscha jr.'"
"404","Den Haag(22/01/1868)",NA,"212","8.4127%","'jhr.mr. H.C. van der Wijck'"
"405","Den Haag(22/01/1868)",NA,"202","8.0159%","'jhr.mr. F.L.W. de Kock'"
"406","Den Haag(13/06/1871)","(AH)*","289","25.8497%","'mr. E.H.  Karsten'"
"407","Den Haag(10/06/1873)","(AH)*","561","40.4179%","'jhr.mr. J.K.J. de Jonge'"
"408","Den Haag(10/06/1879)","(AH)*","331","28.0746%","'mr. A.  Haakma van Royen'"
"409","Den Haag(14/06/1881)","(AH)*","480","37.7655%","'jhr.mr. J.K.W.  Quarles van Ufford'"
"410","Gorinchem(10/06/1879)","(AH)*","821","41.9734%","'jhr. G.J.G.  Klerck'"
"411","Gorinchem(12/06/1883)","","644","30.5648%","'jhr. G.J.G.  Klerck'"
"412","Den Bosch(12/06/1883)","","80","6.4412%","'jhr. G.J.G.  Klerck'"
"413","Den Haag(12/06/1883)","","569","40.2689%","'jhr. G.J.G.  Klerck'"
"414","Den Bosch(11/09/1883)","","60","5.6497%","'jhr. G.J.G.  Klerck'"
"415","Den Haag(28/10/1884)","(AH)*","826","23.9837%","' R.A.W.  Sluiter'"
"416","Den Haag(11/11/1884)","","984","46.9242%","' R.A.W.  Sluiter'"
"417","Den Haag(08/04/1885)","","868","50.3188%","' R.A.W.  Sluiter'"
"418","Den Haag(28/10/1884)","(AH)*","765","22.2125%","'jhr.mr. A.P.C. van Karnebeek'"
"419","Delft(22/04/1890)","","1274","47.6975%","'jhr.mr. A.P.C. van Karnebeek'"
"420","Rotterdam(17/02/1891)","","1765","65.6134%","'jhr.mr. A.P.C. van Karnebeek'"
"421","Rotterdam(09/06/1891)","Lib","2675","11.7063%","'jhr.mr. A.P.C. van Karnebeek'"
"422","Haarlem(16/05/1894)","Lib(TT)","863","41.3512%","'jhr.mr. A.P.C. van Karnebeek'"
"423","Utrecht(05/06/1894)","Lib(TT)","1284","58.2577%","'jhr.mr. A.P.C. van Karnebeek'"
"424","Utrecht I(15/06/1897)","VL(CHK)","1100","23.8457%","'jhr.mr. A.P.C. van Karnebeek'"
"425","Middelburg(15/06/1897)","VL","177","2.9698%","'jhr.mr. A.P.C. van Karnebeek'"
"426","Utrecht I(25/06/1897)","VL(CHK)","2865","58.6489%","'jhr.mr. A.P.C. van Karnebeek'"
"427","Utrecht I(14/06/1901)","VL(Lib)","1852","37.0919%","'jhr.mr. A.P.C. van Karnebeek'"
"428","Utrecht I(27/06/1901)","VL(Lib/VD)","2710","56.4819%","'jhr.mr. A.P.C. van Karnebeek'"
"429","Utrecht I(16/06/1905)","VL","2585","37.3016%","'jhr.mr. A.P.C. van Karnebeek'"
"430","Utrecht I(28/06/1905)","VL(Lib/VD)","4137","57.9574%","'jhr.mr. A.P.C. van Karnebeek'"
"431","Utrecht I(11/06/1909)","VL","2392","33.771%","'jhr.mr. A.P.C. van Karnebeek'"
"432","Utrecht I(23/06/1909)","VL(Lib/VD)","3778","51.4574%","'jhr.mr. A.P.C. van Karnebeek'"
"433","Den Haag(28/10/1884)","AR","110","3.194%","'jhr. P.O.H.  Gevaerts van Simonshaven'"
"434","Den Haag(01/09/1887)","","83","2.1414%","'jhr. P.O.H.  Gevaerts van Simonshaven'"
"435","Den Haag(15/06/1886)","(AH)*","1152","26.2534%","'mr. H.M.A. baron van Goes van Dirxland'"
"436","Den Haag(01/09/1887)","","1017","26.2384%","'mr. H.M.A. baron van Goes van Dirxland'"
"437","Den Haag(06/03/1888)","Lib","2841","15.3725%","'mr. H.M.A. baron van Goes van Dirxland'"
"438","Den Haag(20/03/1888)","Lib","3091","24.0376%","'mr. H.M.A. baron van Goes van Dirxland'"
